target,feature_set,model,month,actual,predicted
GVA,AR-only,Naive,2021-01-01,-9.7,-6.8
GVA,AR-only,Naive,2021-02-01,-8.6,-6.8
GVA,AR-only,Naive,2021-03-01,1.8,-6.8
GVA,AR-only,Naive,2021-04-01,30.0,-6.8
GVA,AR-only,Naive,2021-05-01,29.1,-6.8
GVA,AR-only,Naive,2021-06-01,19.2,-6.8
GVA,AR-only,Naive,2021-07-01,11.3,-6.8
GVA,AR-only,Naive,2021-08-01,8.5,-6.8
GVA,AR-only,Naive,2021-09-01,7.7,-6.8
GVA,AR-only,Naive,2021-10-01,7.5,-6.8
GVA,AR-only,Naive,2021-11-01,10.4,-6.8
GVA,AR-only,Naive,2021-12-01,8.3,-6.8
GVA,AR-only,Naive,2022-01-01,12.6,-6.8
GVA,AR-only,Naive,2022-02-01,11.7,-6.8
GVA,AR-only,Naive,2022-03-01,8.5,-6.8
GVA,AR-only,Naive,2022-04-01,5.4,-6.8
GVA,AR-only,Naive,2022-05-01,4.4,-6.8
GVA,AR-only,Naive,2022-06-01,2.8,-6.8
GVA,AR-only,Naive,2022-07-01,3.7,-6.8
GVA,AR-only,Naive,2022-08-01,2.7,-6.8
GVA,AR-only,Naive,2022-09-01,1.4,-6.8
GVA,AR-only,Naive,2022-10-01,2.2,-6.8
GVA,AR-only,Naive,2022-11-01,1.7,-6.8
GVA,AR-only,Naive,2022-12-01,1.4,-6.8
GVA,AR-only,Naive,2023-01-01,1.2,-6.8
GVA,AR-only,Naive,2023-02-01,1.0,-6.8
GVA,AR-only,Naive,2023-03-01,0.6,-6.8
GVA,AR-only,Naive,2023-04-01,0.6,-6.8
GVA,AR-only,Naive,2023-05-01,-0.2,-6.8
GVA,AR-only,Naive,2023-06-01,1.1,-6.8
GVA,AR-only,Naive,2023-07-01,0.2,-6.8
GVA,AR-only,Naive,2023-08-01,0.1,-6.8
GVA,AR-only,Naive,2023-09-01,0.8,-6.8
GVA,AR-only,Naive,2023-10-01,-0.5,-6.8
GVA,AR-only,Naive,2023-11-01,-0.3,-6.8
GVA,AR-only,Naive,2023-12-01,-0.1,-6.8
GVA,AR-only,Naive,2024-01-01,0.0,-6.8
GVA,AR-only,Naive,2024-02-01,0.0,-6.8
GVA,AR-only,Naive,2024-03-01,0.7,-6.8
GVA,AR-only,Naive,2024-04-01,0.6,-6.8
GVA,AR-only,Naive,2024-05-01,1.2,-6.8
GVA,AR-only,Naive,2024-06-01,0.4,-6.8
GVA,AR-only,Naive,2024-07-01,0.7,-6.8
GVA,AR-only,Naive,2024-08-01,1.1,-6.8
GVA,AR-only,Naive,2024-09-01,1.0,-6.8
GVA,AR-only,Naive,2024-10-01,1.5,-6.8
GVA,AR-only,Naive,2024-11-01,1.3,-6.8
GVA,AR-only,Naive,2024-12-01,2.0,-6.8
GVA,AR-only,Naive,2025-01-01,1.5,-6.8
GVA,AR-only,Naive,2025-02-01,1.6,-6.8
GVA,AR-only,Naive,2025-03-01,1.5,-6.8
GVA,AR-only,Naive,2025-04-01,1.2,-6.8
GVA,AR-only,SeasonalNaive,2021-01-01,-9.7,1.3
GVA,AR-only,SeasonalNaive,2021-02-01,-8.6,0.8
GVA,AR-only,SeasonalNaive,2021-03-01,1.8,-6.7
GVA,AR-only,SeasonalNaive,2021-04-01,30.0,-24.3
GVA,AR-only,SeasonalNaive,2021-05-01,29.1,-23.1
GVA,AR-only,SeasonalNaive,2021-06-01,19.2,-16.5
GVA,AR-only,SeasonalNaive,2021-07-01,11.3,-10.9
GVA,AR-only,SeasonalNaive,2021-08-01,8.5,-7.6
GVA,AR-only,SeasonalNaive,2021-09-01,7.7,-6.7
GVA,AR-only,SeasonalNaive,2021-10-01,7.5,-6.3
GVA,AR-only,SeasonalNaive,2021-11-01,10.4,-8.0
GVA,AR-only,SeasonalNaive,2021-12-01,8.3,-6.8
GVA,AR-only,SeasonalNaive,2022-01-01,12.6,-9.7
GVA,AR-only,SeasonalNaive,2022-02-01,11.7,-8.6
GVA,AR-only,SeasonalNaive,2022-03-01,8.5,1.8
GVA,AR-only,SeasonalNaive,2022-04-01,5.4,30.0
GVA,AR-only,SeasonalNaive,2022-05-01,4.4,29.1
GVA,AR-only,SeasonalNaive,2022-06-01,2.8,19.2
GVA,AR-only,SeasonalNaive,2022-07-01,3.7,11.3
GVA,AR-only,SeasonalNaive,2022-08-01,2.7,8.5
GVA,AR-only,SeasonalNaive,2022-09-01,1.4,7.7
GVA,AR-only,SeasonalNaive,2022-10-01,2.2,7.5
GVA,AR-only,SeasonalNaive,2022-11-01,1.7,10.4
GVA,AR-only,SeasonalNaive,2022-12-01,1.4,8.3
GVA,AR-only,SeasonalNaive,2023-01-01,1.2,12.6
GVA,AR-only,SeasonalNaive,2023-02-01,1.0,11.7
GVA,AR-only,SeasonalNaive,2023-03-01,0.6,8.5
GVA,AR-only,SeasonalNaive,2023-04-01,0.6,5.4
GVA,AR-only,SeasonalNaive,2023-05-01,-0.2,4.4
GVA,AR-only,SeasonalNaive,2023-06-01,1.1,2.8
GVA,AR-only,SeasonalNaive,2023-07-01,0.2,3.7
GVA,AR-only,SeasonalNaive,2023-08-01,0.1,2.7
GVA,AR-only,SeasonalNaive,2023-09-01,0.8,1.4
GVA,AR-only,SeasonalNaive,2023-10-01,-0.5,2.2
GVA,AR-only,SeasonalNaive,2023-11-01,-0.3,1.7
GVA,AR-only,SeasonalNaive,2023-12-01,-0.1,1.4
GVA,AR-only,SeasonalNaive,2024-01-01,0.0,1.2
GVA,AR-only,SeasonalNaive,2024-02-01,0.0,1.0
GVA,AR-only,SeasonalNaive,2024-03-01,0.7,0.6
GVA,AR-only,SeasonalNaive,2024-04-01,0.6,0.6
GVA,AR-only,SeasonalNaive,2024-05-01,1.2,-0.2
GVA,AR-only,SeasonalNaive,2024-06-01,0.4,1.1
GVA,AR-only,SeasonalNaive,2024-07-01,0.7,0.2
GVA,AR-only,SeasonalNaive,2024-08-01,1.1,0.1
GVA,AR-only,SeasonalNaive,2024-09-01,1.0,0.8
GVA,AR-only,SeasonalNaive,2024-10-01,1.5,-0.5
GVA,AR-only,SeasonalNaive,2024-11-01,1.3,-0.3
GVA,AR-only,SeasonalNaive,2024-12-01,2.0,-0.1
GVA,AR-only,SeasonalNaive,2025-01-01,1.5,0.0
GVA,AR-only,SeasonalNaive,2025-02-01,1.6,0.0
GVA,AR-only,SeasonalNaive,2025-03-01,1.5,0.7
GVA,AR-only,SeasonalNaive,2025-04-01,1.2,0.6
GVA,AR-only,Ridge,2021-01-01,-9.7,-5.310402571702104
GVA,AR-only,Ridge,2021-02-01,-8.6,-9.84648002912762
GVA,AR-only,Ridge,2021-03-01,1.8,-6.789999695534039
GVA,AR-only,Ridge,2021-04-01,30.0,5.432685750194702
GVA,AR-only,Ridge,2021-05-01,29.1,36.01866074346235
GVA,AR-only,Ridge,2021-06-01,19.2,21.829588597154384
GVA,AR-only,Ridge,2021-07-01,11.3,13.694595136394323
GVA,AR-only,Ridge,2021-08-01,8.5,8.63756326895427
GVA,AR-only,Ridge,2021-09-01,7.7,7.757737057573849
GVA,AR-only,Ridge,2021-10-01,7.5,7.072820582778004
GVA,AR-only,Ridge,2021-11-01,10.4,6.8370798645769675
GVA,AR-only,Ridge,2021-12-01,8.3,10.50725818759905
GVA,AR-only,Ridge,2022-01-01,12.6,6.322466398466051
GVA,AR-only,Ridge,2022-02-01,11.7,13.26668495603296
GVA,AR-only,Ridge,2022-03-01,8.5,9.617174856767353
GVA,AR-only,Ridge,2022-04-01,5.4,6.624243941042661
GVA,AR-only,Ridge,2022-05-01,4.4,4.210641095883306
GVA,AR-only,Ridge,2022-06-01,2.8,4.086930371262538
GVA,AR-only,Ridge,2022-07-01,3.7,2.135502438956008
GVA,AR-only,Ridge,2022-08-01,2.7,3.960127221601943
GVA,AR-only,Ridge,2022-09-01,1.4,2.0033107036763185
GVA,AR-only,Ridge,2022-10-01,2.2,0.994782259801293
GVA,AR-only,Ridge,2022-11-01,1.7,2.5381698620723214
GVA,AR-only,Ridge,2022-12-01,1.4,1.3094067361644983
GVA,AR-only,Ridge,2023-01-01,1.2,1.2984432065120077
GVA,AR-only,Ridge,2023-02-01,1.0,1.128739312686544
GVA,AR-only,Ridge,2023-03-01,0.6,0.9356973015361676
GVA,AR-only,Ridge,2023-04-01,0.6,0.5029370445855903
GVA,AR-only,Ridge,2023-05-01,-0.2,0.6806252420391485
GVA,AR-only,Ridge,2023-06-01,1.1,-0.390695378700201
GVA,AR-only,Ridge,2023-07-01,0.2,1.6704371381775638
GVA,AR-only,Ridge,2023-08-01,0.1,-0.2528447488014507
GVA,AR-only,Ridge,2023-09-01,0.8,0.26604580233836383
GVA,AR-only,Ridge,2023-10-01,-0.5,1.0792019385408662
GVA,AR-only,Ridge,2023-11-01,-0.3,-0.9445365063196673
GVA,AR-only,Ridge,2023-12-01,-0.1,0.07647972424321114
GVA,AR-only,Ridge,2024-01-01,0.0,0.044626460316497196
GVA,AR-only,Ridge,2024-02-01,0.0,0.09672541652829603
GVA,AR-only,Ridge,2024-03-01,0.7,0.07338729920338372
GVA,AR-only,Ridge,2024-04-01,0.6,0.975652955619519
GVA,AR-only,Ridge,2024-05-01,1.2,0.4886156684064189
GVA,AR-only,Ridge,2024-06-01,0.4,1.3997799794397519
GVA,AR-only,Ridge,2024-07-01,0.7,0.06192706252006497
GVA,AR-only,Ridge,2024-08-01,1.1,0.9385243050891419
GVA,AR-only,Ridge,2024-09-01,1.0,1.1792749884069897
GVA,AR-only,Ridge,2024-10-01,1.5,0.8887556453994896
GVA,AR-only,Ridge,2024-11-01,1.3,1.6308649921096088
GVA,AR-only,Ridge,2024-12-01,2.0,1.105784703377028
GVA,AR-only,Ridge,2025-01-01,1.5,2.1671742319815333
GVA,AR-only,Ridge,2025-02-01,1.6,1.1444766343987585
GVA,AR-only,Ridge,2025-03-01,1.5,1.6270055510389883
GVA,AR-only,Ridge,2025-04-01,1.2,1.3783886506215892
GVA,AR-only,ElasticNet,2021-01-01,-9.7,-5.346540398435588
GVA,AR-only,ElasticNet,2021-02-01,-8.6,-9.737137103183525
GVA,AR-only,ElasticNet,2021-03-01,1.8,-6.843679874306355
GVA,AR-only,ElasticNet,2021-04-01,30.0,5.253324271764887
GVA,AR-only,ElasticNet,2021-05-01,29.1,35.6095674460878
GVA,AR-only,ElasticNet,2021-06-01,19.2,22.343057146145984
GVA,AR-only,ElasticNet,2021-07-01,11.3,13.81717063673185
GVA,AR-only,ElasticNet,2021-08-01,8.5,8.56053618756854
GVA,AR-only,ElasticNet,2021-09-01,7.7,7.630977126128057
GVA,AR-only,ElasticNet,2021-10-01,7.5,7.0133426415362505
GVA,AR-only,ElasticNet,2021-11-01,10.4,6.807217347645482
GVA,AR-only,ElasticNet,2021-12-01,8.3,10.422158049912555
GVA,AR-only,ElasticNet,2022-01-01,12.6,6.402014829818616
GVA,AR-only,ElasticNet,2022-02-01,11.7,13.110154227337055
GVA,AR-only,ElasticNet,2022-03-01,8.5,9.692851015904003
GVA,AR-only,ElasticNet,2022-04-01,5.4,6.647244279787747
GVA,AR-only,ElasticNet,2022-05-01,4.4,4.193465960637487
GVA,AR-only,ElasticNet,2022-06-01,2.8,4.034175751770669
GVA,AR-only,ElasticNet,2022-07-01,3.7,2.1412435957144726
GVA,AR-only,ElasticNet,2022-08-01,2.7,3.9032340157206225
GVA,AR-only,ElasticNet,2022-09-01,1.4,2.0363657194368265
GVA,AR-only,ElasticNet,2022-10-01,2.2,0.9985684527092745
GVA,AR-only,ElasticNet,2022-11-01,1.7,2.4933641495416614
GVA,AR-only,ElasticNet,2022-12-01,1.4,1.333548867853867
GVA,AR-only,ElasticNet,2023-01-01,1.2,1.2931741370844552
GVA,AR-only,ElasticNet,2023-02-01,1.0,1.1261529992720505
GVA,AR-only,ElasticNet,2023-03-01,0.6,0.935684421998449
GVA,AR-only,ElasticNet,2023-04-01,0.6,0.507852388528852
GVA,AR-only,ElasticNet,2023-05-01,-0.2,0.6737996940894928
GVA,AR-only,ElasticNet,2023-06-01,1.1,-0.37186419431562734
GVA,AR-only,ElasticNet,2023-07-01,0.2,1.6291685905823696
GVA,AR-only,ElasticNet,2023-08-01,0.1,-0.20679460647189596
GVA,AR-only,ElasticNet,2023-09-01,0.8,0.2523514881364668
GVA,AR-only,ElasticNet,2023-10-01,-0.5,1.0644791214493994
GVA,AR-only,ElasticNet,2023-11-01,-0.3,-0.901079966034757
GVA,AR-only,ElasticNet,2023-12-01,-0.1,0.04999297354663379
GVA,AR-only,ElasticNet,2024-01-01,0.0,0.0480414235779596
GVA,AR-only,ElasticNet,2024-02-01,0.0,0.10178888582460055
GVA,AR-only,ElasticNet,2024-03-01,0.7,0.07834144636340357
GVA,AR-only,ElasticNet,2024-04-01,0.6,0.9632317038362777
GVA,AR-only,ElasticNet,2024-05-01,1.2,0.5060371591965895
GVA,AR-only,ElasticNet,2024-06-01,0.4,1.385890062677479
GVA,AR-only,ElasticNet,2024-07-01,0.7,0.09130521593139806
GVA,AR-only,ElasticNet,2024-08-01,1.1,0.9175469778020588
GVA,AR-only,ElasticNet,2024-09-01,1.0,1.1776164763787529
GVA,AR-only,ElasticNet,2024-10-01,1.5,0.8990005716964347
GVA,AR-only,ElasticNet,2024-11-01,1.3,1.6180798442450792
GVA,AR-only,ElasticNet,2024-12-01,2.0,1.1191640953113926
GVA,AR-only,ElasticNet,2025-01-01,1.5,2.147159295327798
GVA,AR-only,ElasticNet,2025-02-01,1.6,1.1671328064855502
GVA,AR-only,ElasticNet,2025-03-01,1.5,1.6135112460607712
GVA,AR-only,ElasticNet,2025-04-01,1.2,1.3811851438567597
GVA,AR-only,HistGradientBoosting,2021-01-01,-9.7,-7.434854297860278
GVA,AR-only,HistGradientBoosting,2021-02-01,-8.6,-7.434854297860278
GVA,AR-only,HistGradientBoosting,2021-03-01,1.8,-7.434854297860278
GVA,AR-only,HistGradientBoosting,2021-04-01,30.0,2.600110702173266
GVA,AR-only,HistGradientBoosting,2021-05-01,29.1,3.242291506209234
GVA,AR-only,HistGradientBoosting,2021-06-01,19.2,3.195698579405914
GVA,AR-only,HistGradientBoosting,2021-07-01,11.3,3.2680300538973537
GVA,AR-only,HistGradientBoosting,2021-08-01,8.5,3.2680300538973537
GVA,AR-only,HistGradientBoosting,2021-09-01,7.7,3.2680300538973537
GVA,AR-only,HistGradientBoosting,2021-10-01,7.5,3.2680300538973537
GVA,AR-only,HistGradientBoosting,2021-11-01,10.4,3.2680300538973537
GVA,AR-only,HistGradientBoosting,2021-12-01,8.3,3.2680300538973537
GVA,AR-only,HistGradientBoosting,2022-01-01,12.6,3.2680300538973537
GVA,AR-only,HistGradientBoosting,2022-02-01,11.7,3.2680300538973537
GVA,AR-only,HistGradientBoosting,2022-03-01,8.5,3.2680300538973537
GVA,AR-only,HistGradientBoosting,2022-04-01,5.4,3.2680300538973537
GVA,AR-only,HistGradientBoosting,2022-05-01,4.4,3.2680300538973537
GVA,AR-only,HistGradientBoosting,2022-06-01,2.8,3.2680300538973537
GVA,AR-only,HistGradientBoosting,2022-07-01,3.7,2.849767264093151
GVA,AR-only,HistGradientBoosting,2022-08-01,2.7,3.062098166975323
GVA,AR-only,HistGradientBoosting,2022-09-01,1.4,2.849767264093151
GVA,AR-only,HistGradientBoosting,2022-10-01,2.2,2.0295503937352324
GVA,AR-only,HistGradientBoosting,2022-11-01,1.7,1.970906065114533
GVA,AR-only,HistGradientBoosting,2022-12-01,1.4,2.035599216520532
GVA,AR-only,HistGradientBoosting,2023-01-01,1.2,1.539443202417775
GVA,AR-only,HistGradientBoosting,2023-02-01,1.0,1.4671117279263362
GVA,AR-only,HistGradientBoosting,2023-03-01,0.6,0.9076594547428962
GVA,AR-only,HistGradientBoosting,2023-04-01,0.6,-0.654163502958257
GVA,AR-only,HistGradientBoosting,2023-05-01,-0.2,-0.6845612456804147
GVA,AR-only,HistGradientBoosting,2023-06-01,1.1,-1.4794148561454274
GVA,AR-only,HistGradientBoosting,2023-07-01,0.2,0.9995174097528231
GVA,AR-only,HistGradientBoosting,2023-08-01,0.1,0.5808014070484412
GVA,AR-only,HistGradientBoosting,2023-09-01,0.8,-0.6845612456804147
GVA,AR-only,HistGradientBoosting,2023-10-01,-0.5,0.7064801868274088
GVA,AR-only,HistGradientBoosting,2023-11-01,-0.3,-0.08837342363760403
GVA,AR-only,HistGradientBoosting,2023-12-01,-0.1,-1.4794148561454274
GVA,AR-only,HistGradientBoosting,2024-01-01,0.0,0.7064801868274088
GVA,AR-only,HistGradientBoosting,2024-02-01,0.0,0.7064801868274088
GVA,AR-only,HistGradientBoosting,2024-03-01,0.7,0.7064801868274088
GVA,AR-only,HistGradientBoosting,2024-04-01,0.6,0.7064801868274088
GVA,AR-only,HistGradientBoosting,2024-05-01,1.2,0.7064801868274088
GVA,AR-only,HistGradientBoosting,2024-06-01,0.4,1.3466749376513651
GVA,AR-only,HistGradientBoosting,2024-07-01,0.7,-0.8102400254593823
GVA,AR-only,HistGradientBoosting,2024-08-01,1.1,-0.6845612456804147
GVA,AR-only,HistGradientBoosting,2024-09-01,1.0,1.8734316546208483
GVA,AR-only,HistGradientBoosting,2024-10-01,1.5,0.7031185473319511
GVA,AR-only,HistGradientBoosting,2024-11-01,1.3,1.5236949168308473
GVA,AR-only,HistGradientBoosting,2024-12-01,2.0,1.2625708205153905
GVA,AR-only,HistGradientBoosting,2025-01-01,1.5,1.5166826034743173
GVA,AR-only,HistGradientBoosting,2025-02-01,1.6,1.635370621215918
GVA,AR-only,HistGradientBoosting,2025-03-01,1.5,1.6860654388750997
GVA,AR-only,HistGradientBoosting,2025-04-01,1.2,1.6137339643836608
GVA,AR-only,XGBoost,2021-01-01,-9.7,-13.100910186767578
GVA,AR-only,XGBoost,2021-02-01,-8.6,-8.287945747375488
GVA,AR-only,XGBoost,2021-03-01,1.8,-11.395716667175293
GVA,AR-only,XGBoost,2021-04-01,30.0,2.148914337158203
GVA,AR-only,XGBoost,2021-05-01,29.1,4.302911758422852
GVA,AR-only,XGBoost,2021-06-01,19.2,3.1246721744537354
GVA,AR-only,XGBoost,2021-07-01,11.3,3.33558988571167
GVA,AR-only,XGBoost,2021-08-01,8.5,3.33558988571167
GVA,AR-only,XGBoost,2021-09-01,7.7,3.33558988571167
GVA,AR-only,XGBoost,2021-10-01,7.5,3.33558988571167
GVA,AR-only,XGBoost,2021-11-01,10.4,3.33558988571167
GVA,AR-only,XGBoost,2021-12-01,8.3,3.33558988571167
GVA,AR-only,XGBoost,2022-01-01,12.6,3.33558988571167
GVA,AR-only,XGBoost,2022-02-01,11.7,3.33558988571167
GVA,AR-only,XGBoost,2022-03-01,8.5,3.33558988571167
GVA,AR-only,XGBoost,2022-04-01,5.4,3.33558988571167
GVA,AR-only,XGBoost,2022-05-01,4.4,3.33558988571167
GVA,AR-only,XGBoost,2022-06-01,2.8,3.33558988571167
GVA,AR-only,XGBoost,2022-07-01,3.7,2.867717981338501
GVA,AR-only,XGBoost,2022-08-01,2.7,3.129207134246826
GVA,AR-only,XGBoost,2022-09-01,1.4,2.8244919776916504
GVA,AR-only,XGBoost,2022-10-01,2.2,2.1309611797332764
GVA,AR-only,XGBoost,2022-11-01,1.7,1.7385101318359375
GVA,AR-only,XGBoost,2022-12-01,1.4,2.101771116256714
GVA,AR-only,XGBoost,2023-01-01,1.2,1.5628364086151123
GVA,AR-only,XGBoost,2023-02-01,1.0,1.137351393699646
GVA,AR-only,XGBoost,2023-03-01,0.6,1.1050903797149658
GVA,AR-only,XGBoost,2023-04-01,0.6,0.1948624700307846
GVA,AR-only,XGBoost,2023-05-01,-0.2,0.3689907491207123
GVA,AR-only,XGBoost,2023-06-01,1.1,-1.1325143575668335
GVA,AR-only,XGBoost,2023-07-01,0.2,1.2929842472076416
GVA,AR-only,XGBoost,2023-08-01,0.1,0.26298967003822327
GVA,AR-only,XGBoost,2023-09-01,0.8,0.42389553785324097
GVA,AR-only,XGBoost,2023-10-01,-0.5,1.2858272790908813
GVA,AR-only,XGBoost,2023-11-01,-0.3,-1.1959787607192993
GVA,AR-only,XGBoost,2023-12-01,-0.1,-0.6919495463371277
GVA,AR-only,XGBoost,2024-01-01,0.0,0.2829316556453705
GVA,AR-only,XGBoost,2024-02-01,0.0,0.2829316556453705
GVA,AR-only,XGBoost,2024-03-01,0.7,0.2829316556453705
GVA,AR-only,XGBoost,2024-04-01,0.6,1.3760470151901245
GVA,AR-only,XGBoost,2024-05-01,1.2,1.200244426727295
GVA,AR-only,XGBoost,2024-06-01,0.4,1.4600834846496582
GVA,AR-only,XGBoost,2024-07-01,0.7,0.0019000647589564323
GVA,AR-only,XGBoost,2024-08-01,1.1,0.2463807910680771
GVA,AR-only,XGBoost,2024-09-01,1.0,2.0822958946228027
GVA,AR-only,XGBoost,2024-10-01,1.5,1.1590666770935059
GVA,AR-only,XGBoost,2024-11-01,1.3,1.6904481649398804
GVA,AR-only,XGBoost,2024-12-01,2.0,1.2483009099960327
GVA,AR-only,XGBoost,2025-01-01,1.5,1.4601283073425293
GVA,AR-only,XGBoost,2025-02-01,1.6,1.75395929813385
GVA,AR-only,XGBoost,2025-03-01,1.5,1.5724385976791382
GVA,AR-only,XGBoost,2025-04-01,1.2,1.504848599433899
GVA,Energy+AR,Naive,2021-01-01,-9.7,-6.8
GVA,Energy+AR,Naive,2021-02-01,-8.6,-6.8
GVA,Energy+AR,Naive,2021-03-01,1.8,-6.8
GVA,Energy+AR,Naive,2021-04-01,30.0,-6.8
GVA,Energy+AR,Naive,2021-05-01,29.1,-6.8
GVA,Energy+AR,Naive,2021-06-01,19.2,-6.8
GVA,Energy+AR,Naive,2021-07-01,11.3,-6.8
GVA,Energy+AR,Naive,2021-08-01,8.5,-6.8
GVA,Energy+AR,Naive,2021-09-01,7.7,-6.8
GVA,Energy+AR,Naive,2021-10-01,7.5,-6.8
GVA,Energy+AR,Naive,2021-11-01,10.4,-6.8
GVA,Energy+AR,Naive,2021-12-01,8.3,-6.8
GVA,Energy+AR,Naive,2022-01-01,12.6,-6.8
GVA,Energy+AR,Naive,2022-02-01,11.7,-6.8
GVA,Energy+AR,Naive,2022-03-01,8.5,-6.8
GVA,Energy+AR,Naive,2022-04-01,5.4,-6.8
GVA,Energy+AR,Naive,2022-05-01,4.4,-6.8
GVA,Energy+AR,Naive,2022-06-01,2.8,-6.8
GVA,Energy+AR,Naive,2022-07-01,3.7,-6.8
GVA,Energy+AR,Naive,2022-08-01,2.7,-6.8
GVA,Energy+AR,Naive,2022-09-01,1.4,-6.8
GVA,Energy+AR,Naive,2022-10-01,2.2,-6.8
GVA,Energy+AR,Naive,2022-11-01,1.7,-6.8
GVA,Energy+AR,Naive,2022-12-01,1.4,-6.8
GVA,Energy+AR,Naive,2023-01-01,1.2,-6.8
GVA,Energy+AR,Naive,2023-02-01,1.0,-6.8
GVA,Energy+AR,Naive,2023-03-01,0.6,-6.8
GVA,Energy+AR,Naive,2023-04-01,0.6,-6.8
GVA,Energy+AR,Naive,2023-05-01,-0.2,-6.8
GVA,Energy+AR,Naive,2023-06-01,1.1,-6.8
GVA,Energy+AR,Naive,2023-07-01,0.2,-6.8
GVA,Energy+AR,Naive,2023-08-01,0.1,-6.8
GVA,Energy+AR,Naive,2023-09-01,0.8,-6.8
GVA,Energy+AR,Naive,2023-10-01,-0.5,-6.8
GVA,Energy+AR,Naive,2023-11-01,-0.3,-6.8
GVA,Energy+AR,Naive,2023-12-01,-0.1,-6.8
GVA,Energy+AR,Naive,2024-01-01,0.0,-6.8
GVA,Energy+AR,Naive,2024-02-01,0.0,-6.8
GVA,Energy+AR,Naive,2024-03-01,0.7,-6.8
GVA,Energy+AR,Naive,2024-04-01,0.6,-6.8
GVA,Energy+AR,Naive,2024-05-01,1.2,-6.8
GVA,Energy+AR,Naive,2024-06-01,0.4,-6.8
GVA,Energy+AR,Naive,2024-07-01,0.7,-6.8
GVA,Energy+AR,Naive,2024-08-01,1.1,-6.8
GVA,Energy+AR,Naive,2024-09-01,1.0,-6.8
GVA,Energy+AR,Naive,2024-10-01,1.5,-6.8
GVA,Energy+AR,Naive,2024-11-01,1.3,-6.8
GVA,Energy+AR,Naive,2024-12-01,2.0,-6.8
GVA,Energy+AR,Naive,2025-01-01,1.5,-6.8
GVA,Energy+AR,Naive,2025-02-01,1.6,-6.8
GVA,Energy+AR,Naive,2025-03-01,1.5,-6.8
GVA,Energy+AR,Naive,2025-04-01,1.2,-6.8
GVA,Energy+AR,SeasonalNaive,2021-01-01,-9.7,1.3
GVA,Energy+AR,SeasonalNaive,2021-02-01,-8.6,0.8
GVA,Energy+AR,SeasonalNaive,2021-03-01,1.8,-6.7
GVA,Energy+AR,SeasonalNaive,2021-04-01,30.0,-24.3
GVA,Energy+AR,SeasonalNaive,2021-05-01,29.1,-23.1
GVA,Energy+AR,SeasonalNaive,2021-06-01,19.2,-16.5
GVA,Energy+AR,SeasonalNaive,2021-07-01,11.3,-10.9
GVA,Energy+AR,SeasonalNaive,2021-08-01,8.5,-7.6
GVA,Energy+AR,SeasonalNaive,2021-09-01,7.7,-6.7
GVA,Energy+AR,SeasonalNaive,2021-10-01,7.5,-6.3
GVA,Energy+AR,SeasonalNaive,2021-11-01,10.4,-8.0
GVA,Energy+AR,SeasonalNaive,2021-12-01,8.3,-6.8
GVA,Energy+AR,SeasonalNaive,2022-01-01,12.6,-9.7
GVA,Energy+AR,SeasonalNaive,2022-02-01,11.7,-8.6
GVA,Energy+AR,SeasonalNaive,2022-03-01,8.5,1.8
GVA,Energy+AR,SeasonalNaive,2022-04-01,5.4,30.0
GVA,Energy+AR,SeasonalNaive,2022-05-01,4.4,29.1
GVA,Energy+AR,SeasonalNaive,2022-06-01,2.8,19.2
GVA,Energy+AR,SeasonalNaive,2022-07-01,3.7,11.3
GVA,Energy+AR,SeasonalNaive,2022-08-01,2.7,8.5
GVA,Energy+AR,SeasonalNaive,2022-09-01,1.4,7.7
GVA,Energy+AR,SeasonalNaive,2022-10-01,2.2,7.5
GVA,Energy+AR,SeasonalNaive,2022-11-01,1.7,10.4
GVA,Energy+AR,SeasonalNaive,2022-12-01,1.4,8.3
GVA,Energy+AR,SeasonalNaive,2023-01-01,1.2,12.6
GVA,Energy+AR,SeasonalNaive,2023-02-01,1.0,11.7
GVA,Energy+AR,SeasonalNaive,2023-03-01,0.6,8.5
GVA,Energy+AR,SeasonalNaive,2023-04-01,0.6,5.4
GVA,Energy+AR,SeasonalNaive,2023-05-01,-0.2,4.4
GVA,Energy+AR,SeasonalNaive,2023-06-01,1.1,2.8
GVA,Energy+AR,SeasonalNaive,2023-07-01,0.2,3.7
GVA,Energy+AR,SeasonalNaive,2023-08-01,0.1,2.7
GVA,Energy+AR,SeasonalNaive,2023-09-01,0.8,1.4
GVA,Energy+AR,SeasonalNaive,2023-10-01,-0.5,2.2
GVA,Energy+AR,SeasonalNaive,2023-11-01,-0.3,1.7
GVA,Energy+AR,SeasonalNaive,2023-12-01,-0.1,1.4
GVA,Energy+AR,SeasonalNaive,2024-01-01,0.0,1.2
GVA,Energy+AR,SeasonalNaive,2024-02-01,0.0,1.0
GVA,Energy+AR,SeasonalNaive,2024-03-01,0.7,0.6
GVA,Energy+AR,SeasonalNaive,2024-04-01,0.6,0.6
GVA,Energy+AR,SeasonalNaive,2024-05-01,1.2,-0.2
GVA,Energy+AR,SeasonalNaive,2024-06-01,0.4,1.1
GVA,Energy+AR,SeasonalNaive,2024-07-01,0.7,0.2
GVA,Energy+AR,SeasonalNaive,2024-08-01,1.1,0.1
GVA,Energy+AR,SeasonalNaive,2024-09-01,1.0,0.8
GVA,Energy+AR,SeasonalNaive,2024-10-01,1.5,-0.5
GVA,Energy+AR,SeasonalNaive,2024-11-01,1.3,-0.3
GVA,Energy+AR,SeasonalNaive,2024-12-01,2.0,-0.1
GVA,Energy+AR,SeasonalNaive,2025-01-01,1.5,0.0
GVA,Energy+AR,SeasonalNaive,2025-02-01,1.6,0.0
GVA,Energy+AR,SeasonalNaive,2025-03-01,1.5,0.7
GVA,Energy+AR,SeasonalNaive,2025-04-01,1.2,0.6
GVA,Energy+AR,Ridge,2021-01-01,-9.7,-5.169804236338475
GVA,Energy+AR,Ridge,2021-02-01,-8.6,-9.141381966047154
GVA,Energy+AR,Ridge,2021-03-01,1.8,-6.13495424105043
GVA,Energy+AR,Ridge,2021-04-01,30.0,5.750671873252093
GVA,Energy+AR,Ridge,2021-05-01,29.1,34.40596973667854
GVA,Energy+AR,Ridge,2021-06-01,19.2,21.550579178857006
GVA,Energy+AR,Ridge,2021-07-01,11.3,14.07410130450389
GVA,Energy+AR,Ridge,2021-08-01,8.5,9.114361824294875
GVA,Energy+AR,Ridge,2021-09-01,7.7,8.012102173965697
GVA,Energy+AR,Ridge,2021-10-01,7.5,7.112730829385974
GVA,Energy+AR,Ridge,2021-11-01,10.4,7.383899770414613
GVA,Energy+AR,Ridge,2021-12-01,8.3,10.973664792316377
GVA,Energy+AR,Ridge,2022-01-01,12.6,6.081955701531307
GVA,Energy+AR,Ridge,2022-02-01,11.7,12.467913576873372
GVA,Energy+AR,Ridge,2022-03-01,8.5,9.648330181654881
GVA,Energy+AR,Ridge,2022-04-01,5.4,8.670521341087397
GVA,Energy+AR,Ridge,2022-05-01,4.4,4.884959682266142
GVA,Energy+AR,Ridge,2022-06-01,2.8,3.5780180596524556
GVA,Energy+AR,Ridge,2022-07-01,3.7,2.577731609868092
GVA,Energy+AR,Ridge,2022-08-01,2.7,4.128686624873566
GVA,Energy+AR,Ridge,2022-09-01,1.4,0.8500785298883786
GVA,Energy+AR,Ridge,2022-10-01,2.2,0.35390411887681106
GVA,Energy+AR,Ridge,2022-11-01,1.7,2.8805004265867016
GVA,Energy+AR,Ridge,2022-12-01,1.4,2.242631959446981
GVA,Energy+AR,Ridge,2023-01-01,1.2,0.5778910679661347
GVA,Energy+AR,Ridge,2023-02-01,1.0,0.0442633881703709
GVA,Energy+AR,Ridge,2023-03-01,0.6,0.0575654066818132
GVA,Energy+AR,Ridge,2023-04-01,0.6,0.06939329581022191
GVA,Energy+AR,Ridge,2023-05-01,-0.2,-0.03681268724835496
GVA,Energy+AR,Ridge,2023-06-01,1.1,-2.014238834412154
GVA,Energy+AR,Ridge,2023-07-01,0.2,0.24075645851988248
GVA,Energy+AR,Ridge,2023-08-01,0.1,0.5967219192265023
GVA,Energy+AR,Ridge,2023-09-01,0.8,1.6903379985070675
GVA,Energy+AR,Ridge,2023-10-01,-0.5,1.927201747871039
GVA,Energy+AR,Ridge,2023-11-01,-0.3,-0.269801905443646
GVA,Energy+AR,Ridge,2023-12-01,-0.1,0.2875743941617779
GVA,Energy+AR,Ridge,2024-01-01,0.0,-0.5137971459228545
GVA,Energy+AR,Ridge,2024-02-01,0.0,-0.04582954026802755
GVA,Energy+AR,Ridge,2024-03-01,0.7,0.7003573312943192
GVA,Energy+AR,Ridge,2024-04-01,0.6,1.2835106722228427
GVA,Energy+AR,Ridge,2024-05-01,1.2,0.7025601386073781
GVA,Energy+AR,Ridge,2024-06-01,0.4,1.1557131022719582
GVA,Energy+AR,Ridge,2024-07-01,0.7,-0.5629406023355066
GVA,Energy+AR,Ridge,2024-08-01,1.1,0.597399541522103
GVA,Energy+AR,Ridge,2024-09-01,1.0,0.8265850948439295
GVA,Energy+AR,Ridge,2024-10-01,1.5,0.23449207221546886
GVA,Energy+AR,Ridge,2024-11-01,1.3,1.6756798671235056
GVA,Energy+AR,Ridge,2024-12-01,2.0,1.9319751260915659
GVA,Energy+AR,Ridge,2025-01-01,1.5,2.609646772587677
GVA,Energy+AR,Ridge,2025-02-01,1.6,1.1738451805564531
GVA,Energy+AR,Ridge,2025-03-01,1.5,1.6143700018548501
GVA,Energy+AR,Ridge,2025-04-01,1.2,0.9708215218506291
GVA,Energy+AR,ElasticNet,2021-01-01,-9.7,-5.226317361655198
GVA,Energy+AR,ElasticNet,2021-02-01,-8.6,-8.995402058756063
GVA,Energy+AR,ElasticNet,2021-03-01,1.8,-6.159050356854106
GVA,Energy+AR,ElasticNet,2021-04-01,30.0,5.573382506726705
GVA,Energy+AR,ElasticNet,2021-05-01,29.1,33.86525737707849
GVA,Energy+AR,ElasticNet,2021-06-01,19.2,22.077943179977993
GVA,Energy+AR,ElasticNet,2021-07-01,11.3,14.243989692763765
GVA,Energy+AR,ElasticNet,2021-08-01,8.5,9.164075790839396
GVA,Energy+AR,ElasticNet,2021-09-01,7.7,7.951721780037005
GVA,Energy+AR,ElasticNet,2021-10-01,7.5,7.045832080636229
GVA,Energy+AR,ElasticNet,2021-11-01,10.4,7.3031051281115325
GVA,Energy+AR,ElasticNet,2021-12-01,8.3,10.86086439084872
GVA,Energy+AR,ElasticNet,2022-01-01,12.6,6.160797254832706
GVA,Energy+AR,ElasticNet,2022-02-01,11.7,12.280039774762743
GVA,Energy+AR,ElasticNet,2022-03-01,8.5,9.693322268034004
GVA,Energy+AR,ElasticNet,2022-04-01,5.4,8.503146244088654
GVA,Energy+AR,ElasticNet,2022-05-01,4.4,4.787576995830705
GVA,Energy+AR,ElasticNet,2022-06-01,2.8,3.626056297493084
GVA,Energy+AR,ElasticNet,2022-07-01,3.7,2.85253681403609
GVA,Energy+AR,ElasticNet,2022-08-01,2.7,4.084927972847469
GVA,Energy+AR,ElasticNet,2022-09-01,1.4,1.0677012983485117
GVA,Energy+AR,ElasticNet,2022-10-01,2.2,0.3444361823022368
GVA,Energy+AR,ElasticNet,2022-11-01,1.7,2.603147284574014
GVA,Energy+AR,ElasticNet,2022-12-01,1.4,2.064378259405369
GVA,Energy+AR,ElasticNet,2023-01-01,1.2,0.6619276586458573
GVA,Energy+AR,ElasticNet,2023-02-01,1.0,0.10636037478053106
GVA,Energy+AR,ElasticNet,2023-03-01,0.6,0.09651136546212191
GVA,Energy+AR,ElasticNet,2023-04-01,0.6,0.2944443392494318
GVA,Energy+AR,ElasticNet,2023-05-01,-0.2,0.20504708458746568
GVA,Energy+AR,ElasticNet,2023-06-01,1.1,-1.8265138782335446
GVA,Energy+AR,ElasticNet,2023-07-01,0.2,0.44362180175438803
GVA,Energy+AR,ElasticNet,2023-08-01,0.1,0.5936389227531811
GVA,Energy+AR,ElasticNet,2023-09-01,0.8,1.4780667220164876
GVA,Energy+AR,ElasticNet,2023-10-01,-0.5,1.6875153678682437
GVA,Energy+AR,ElasticNet,2023-11-01,-0.3,-0.6591460682428376
GVA,Energy+AR,ElasticNet,2023-12-01,-0.1,-0.06619540667713886
GVA,Energy+AR,ElasticNet,2024-01-01,0.0,-0.4953533335814011
GVA,Energy+AR,ElasticNet,2024-02-01,0.0,0.06586164314563137
GVA,Energy+AR,ElasticNet,2024-03-01,0.7,0.7928227006686579
GVA,Energy+AR,ElasticNet,2024-04-01,0.6,1.42156098159716
GVA,Energy+AR,ElasticNet,2024-05-01,1.2,0.7906437239776574
GVA,Energy+AR,ElasticNet,2024-06-01,0.4,1.2338884744157692
GVA,Energy+AR,ElasticNet,2024-07-01,0.7,-0.47583646711635663
GVA,Energy+AR,ElasticNet,2024-08-01,1.1,0.5602188426388248
GVA,Energy+AR,ElasticNet,2024-09-01,1.0,0.8141957510015949
GVA,Energy+AR,ElasticNet,2024-10-01,1.5,0.2610026093764377
GVA,Energy+AR,ElasticNet,2024-11-01,1.3,1.6032534071006461
GVA,Energy+AR,ElasticNet,2024-12-01,2.0,1.8517263693094062
GVA,Energy+AR,ElasticNet,2025-01-01,1.5,2.5647475550344594
GVA,Energy+AR,ElasticNet,2025-02-01,1.6,1.1144125082160294
GVA,Energy+AR,ElasticNet,2025-03-01,1.5,1.5107928351799975
GVA,Energy+AR,ElasticNet,2025-04-01,1.2,0.9450487270638288
GVA,Energy+AR,HistGradientBoosting,2021-01-01,-9.7,-6.632125430397516
GVA,Energy+AR,HistGradientBoosting,2021-02-01,-8.6,-6.572044403596586
GVA,Energy+AR,HistGradientBoosting,2021-03-01,1.8,-6.563195077778404
GVA,Energy+AR,HistGradientBoosting,2021-04-01,30.0,1.8367509190595444
GVA,Energy+AR,HistGradientBoosting,2021-05-01,29.1,2.3239456687341424
GVA,Energy+AR,HistGradientBoosting,2021-06-01,19.2,3.0886387824276182
GVA,Energy+AR,HistGradientBoosting,2021-07-01,11.3,2.6848171239895566
GVA,Energy+AR,HistGradientBoosting,2021-08-01,8.5,3.3995231047721637
GVA,Energy+AR,HistGradientBoosting,2021-09-01,7.7,3.359039715275424
GVA,Energy+AR,HistGradientBoosting,2021-10-01,7.5,3.354723546338539
GVA,Energy+AR,HistGradientBoosting,2021-11-01,10.4,3.4471161441735565
GVA,Energy+AR,HistGradientBoosting,2021-12-01,8.3,3.3321820767279466
GVA,Energy+AR,HistGradientBoosting,2022-01-01,12.6,3.089680513139631
GVA,Energy+AR,HistGradientBoosting,2022-02-01,11.7,3.177154487808997
GVA,Energy+AR,HistGradientBoosting,2022-03-01,8.5,3.267348596140831
GVA,Energy+AR,HistGradientBoosting,2022-04-01,5.4,3.4527011186693986
GVA,Energy+AR,HistGradientBoosting,2022-05-01,4.4,3.3190438347105164
GVA,Energy+AR,HistGradientBoosting,2022-06-01,2.8,3.0819265998228986
GVA,Energy+AR,HistGradientBoosting,2022-07-01,3.7,2.94568563356924
GVA,Energy+AR,HistGradientBoosting,2022-08-01,2.7,3.1186576467718097
GVA,Energy+AR,HistGradientBoosting,2022-09-01,1.4,1.974483658126207
GVA,Energy+AR,HistGradientBoosting,2022-10-01,2.2,0.8673281760487946
GVA,Energy+AR,HistGradientBoosting,2022-11-01,1.7,1.6173764105439246
GVA,Energy+AR,HistGradientBoosting,2022-12-01,1.4,1.9057828631293336
GVA,Energy+AR,HistGradientBoosting,2023-01-01,1.2,0.5087257532050823
GVA,Energy+AR,HistGradientBoosting,2023-02-01,1.0,0.666179766248815
GVA,Energy+AR,HistGradientBoosting,2023-03-01,0.6,0.9959597651788377
GVA,Energy+AR,HistGradientBoosting,2023-04-01,0.6,0.0581509698170414
GVA,Energy+AR,HistGradientBoosting,2023-05-01,-0.2,-0.5664748885712848
GVA,Energy+AR,HistGradientBoosting,2023-06-01,1.1,-0.8615126963474147
GVA,Energy+AR,HistGradientBoosting,2023-07-01,0.2,0.9517520590142448
GVA,Energy+AR,HistGradientBoosting,2023-08-01,0.1,0.29458969629837384
GVA,Energy+AR,HistGradientBoosting,2023-09-01,0.8,0.14751121223739452
GVA,Energy+AR,HistGradientBoosting,2023-10-01,-0.5,0.6505023435994982
GVA,Energy+AR,HistGradientBoosting,2023-11-01,-0.3,0.43031296010164977
GVA,Energy+AR,HistGradientBoosting,2023-12-01,-0.1,-0.06218324737594931
GVA,Energy+AR,HistGradientBoosting,2024-01-01,0.0,-0.5054754275437979
GVA,Energy+AR,HistGradientBoosting,2024-02-01,0.0,0.0492062871830244
GVA,Energy+AR,HistGradientBoosting,2024-03-01,0.7,0.3211306313836959
GVA,Energy+AR,HistGradientBoosting,2024-04-01,0.6,0.2580012827364925
GVA,Energy+AR,HistGradientBoosting,2024-05-01,1.2,0.7081796247755765
GVA,Energy+AR,HistGradientBoosting,2024-06-01,0.4,1.4185143390423534
GVA,Energy+AR,HistGradientBoosting,2024-07-01,0.7,-0.5065381537843341
GVA,Energy+AR,HistGradientBoosting,2024-08-01,1.1,-0.23917869758171828
GVA,Energy+AR,HistGradientBoosting,2024-09-01,1.0,0.6465945635483366
GVA,Energy+AR,HistGradientBoosting,2024-10-01,1.5,0.4351472286231571
GVA,Energy+AR,HistGradientBoosting,2024-11-01,1.3,1.4488690506300015
GVA,Energy+AR,HistGradientBoosting,2024-12-01,2.0,1.3223175977549624
GVA,Energy+AR,HistGradientBoosting,2025-01-01,1.5,1.3208247019534296
GVA,Energy+AR,HistGradientBoosting,2025-02-01,1.6,1.8807230286754777
GVA,Energy+AR,HistGradientBoosting,2025-03-01,1.5,1.7951778474844773
GVA,Energy+AR,HistGradientBoosting,2025-04-01,1.2,1.8554851504079986
GVA,Energy+AR,XGBoost,2021-01-01,-9.7,-9.328670501708984
GVA,Energy+AR,XGBoost,2021-02-01,-8.6,-9.393142700195312
GVA,Energy+AR,XGBoost,2021-03-01,1.8,-10.046452522277832
GVA,Energy+AR,XGBoost,2021-04-01,30.0,-0.6208740472793579
GVA,Energy+AR,XGBoost,2021-05-01,29.1,2.142902135848999
GVA,Energy+AR,XGBoost,2021-06-01,19.2,3.1001882553100586
GVA,Energy+AR,XGBoost,2021-07-01,11.3,3.0236241817474365
GVA,Energy+AR,XGBoost,2021-08-01,8.5,3.3030593395233154
GVA,Energy+AR,XGBoost,2021-09-01,7.7,3.2964701652526855
GVA,Energy+AR,XGBoost,2021-10-01,7.5,3.3119301795959473
GVA,Energy+AR,XGBoost,2021-11-01,10.4,3.2135908603668213
GVA,Energy+AR,XGBoost,2021-12-01,8.3,3.3333258628845215
GVA,Energy+AR,XGBoost,2022-01-01,12.6,3.2645950317382812
GVA,Energy+AR,XGBoost,2022-02-01,11.7,3.1140286922454834
GVA,Energy+AR,XGBoost,2022-03-01,8.5,3.210252046585083
GVA,Energy+AR,XGBoost,2022-04-01,5.4,3.4024064540863037
GVA,Energy+AR,XGBoost,2022-05-01,4.4,3.2259347438812256
GVA,Energy+AR,XGBoost,2022-06-01,2.8,3.2096972465515137
GVA,Energy+AR,XGBoost,2022-07-01,3.7,2.927985429763794
GVA,Energy+AR,XGBoost,2022-08-01,2.7,3.0399718284606934
GVA,Energy+AR,XGBoost,2022-09-01,1.4,0.918146014213562
GVA,Energy+AR,XGBoost,2022-10-01,2.2,1.7885531187057495
GVA,Energy+AR,XGBoost,2022-11-01,1.7,1.9804153442382812
GVA,Energy+AR,XGBoost,2022-12-01,1.4,2.1614959239959717
GVA,Energy+AR,XGBoost,2023-01-01,1.2,-0.06583407521247864
GVA,Energy+AR,XGBoost,2023-02-01,1.0,0.6750515103340149
GVA,Energy+AR,XGBoost,2023-03-01,0.6,1.1179859638214111
GVA,Energy+AR,XGBoost,2023-04-01,0.6,-0.38162961602211
GVA,Energy+AR,XGBoost,2023-05-01,-0.2,-1.2525634765625
GVA,Energy+AR,XGBoost,2023-06-01,1.1,-4.222311496734619
GVA,Energy+AR,XGBoost,2023-07-01,0.2,-2.518817901611328
GVA,Energy+AR,XGBoost,2023-08-01,0.1,-0.4034695327281952
GVA,Energy+AR,XGBoost,2023-09-01,0.8,-1.0355924367904663
GVA,Energy+AR,XGBoost,2023-10-01,-0.5,0.14799153804779053
GVA,Energy+AR,XGBoost,2023-11-01,-0.3,-0.5326039791107178
GVA,Energy+AR,XGBoost,2023-12-01,-0.1,-2.087047576904297
GVA,Energy+AR,XGBoost,2024-01-01,0.0,-3.622621774673462
GVA,Energy+AR,XGBoost,2024-02-01,0.0,-0.5880383849143982
GVA,Energy+AR,XGBoost,2024-03-01,0.7,0.04164767637848854
GVA,Energy+AR,XGBoost,2024-04-01,0.6,0.17246684432029724
GVA,Energy+AR,XGBoost,2024-05-01,1.2,-0.6128161549568176
GVA,Energy+AR,XGBoost,2024-06-01,0.4,0.13429787755012512
GVA,Energy+AR,XGBoost,2024-07-01,0.7,-1.350508689880371
GVA,Energy+AR,XGBoost,2024-08-01,1.1,0.20868244767189026
GVA,Energy+AR,XGBoost,2024-09-01,1.0,-0.2162390500307083
GVA,Energy+AR,XGBoost,2024-10-01,1.5,-1.945913553237915
GVA,Energy+AR,XGBoost,2024-11-01,1.3,1.3274885416030884
GVA,Energy+AR,XGBoost,2024-12-01,2.0,1.3319470882415771
GVA,Energy+AR,XGBoost,2025-01-01,1.5,1.713248372077942
GVA,Energy+AR,XGBoost,2025-02-01,1.6,1.7481087446212769
GVA,Energy+AR,XGBoost,2025-03-01,1.5,1.591651201248169
GVA,Energy+AR,XGBoost,2025-04-01,1.2,1.7232556343078613
GVA,Energy+Behavioural+AR,Naive,2021-01-01,-9.7,-6.8
GVA,Energy+Behavioural+AR,Naive,2021-02-01,-8.6,-6.8
GVA,Energy+Behavioural+AR,Naive,2021-03-01,1.8,-6.8
GVA,Energy+Behavioural+AR,Naive,2021-04-01,30.0,-6.8
GVA,Energy+Behavioural+AR,Naive,2021-05-01,29.1,-6.8
GVA,Energy+Behavioural+AR,Naive,2021-06-01,19.2,-6.8
GVA,Energy+Behavioural+AR,Naive,2021-07-01,11.3,-6.8
GVA,Energy+Behavioural+AR,Naive,2021-08-01,8.5,-6.8
GVA,Energy+Behavioural+AR,Naive,2021-09-01,7.7,-6.8
GVA,Energy+Behavioural+AR,Naive,2021-10-01,7.5,-6.8
GVA,Energy+Behavioural+AR,Naive,2021-11-01,10.4,-6.8
GVA,Energy+Behavioural+AR,Naive,2021-12-01,8.3,-6.8
GVA,Energy+Behavioural+AR,Naive,2022-01-01,12.6,-6.8
GVA,Energy+Behavioural+AR,Naive,2022-02-01,11.7,-6.8
GVA,Energy+Behavioural+AR,Naive,2022-03-01,8.5,-6.8
GVA,Energy+Behavioural+AR,Naive,2022-04-01,5.4,-6.8
GVA,Energy+Behavioural+AR,Naive,2022-05-01,4.4,-6.8
GVA,Energy+Behavioural+AR,Naive,2022-06-01,2.8,-6.8
GVA,Energy+Behavioural+AR,Naive,2022-07-01,3.7,-6.8
GVA,Energy+Behavioural+AR,Naive,2022-08-01,2.7,-6.8
GVA,Energy+Behavioural+AR,Naive,2022-09-01,1.4,-6.8
GVA,Energy+Behavioural+AR,Naive,2022-10-01,2.2,-6.8
GVA,Energy+Behavioural+AR,Naive,2022-11-01,1.7,-6.8
GVA,Energy+Behavioural+AR,Naive,2022-12-01,1.4,-6.8
GVA,Energy+Behavioural+AR,Naive,2023-01-01,1.2,-6.8
GVA,Energy+Behavioural+AR,Naive,2023-02-01,1.0,-6.8
GVA,Energy+Behavioural+AR,Naive,2023-03-01,0.6,-6.8
GVA,Energy+Behavioural+AR,Naive,2023-04-01,0.6,-6.8
GVA,Energy+Behavioural+AR,Naive,2023-05-01,-0.2,-6.8
GVA,Energy+Behavioural+AR,Naive,2023-06-01,1.1,-6.8
GVA,Energy+Behavioural+AR,Naive,2023-07-01,0.2,-6.8
GVA,Energy+Behavioural+AR,Naive,2023-08-01,0.1,-6.8
GVA,Energy+Behavioural+AR,Naive,2023-09-01,0.8,-6.8
GVA,Energy+Behavioural+AR,Naive,2023-10-01,-0.5,-6.8
GVA,Energy+Behavioural+AR,Naive,2023-11-01,-0.3,-6.8
GVA,Energy+Behavioural+AR,Naive,2023-12-01,-0.1,-6.8
GVA,Energy+Behavioural+AR,Naive,2024-01-01,0.0,-6.8
GVA,Energy+Behavioural+AR,Naive,2024-02-01,0.0,-6.8
GVA,Energy+Behavioural+AR,Naive,2024-03-01,0.7,-6.8
GVA,Energy+Behavioural+AR,Naive,2024-04-01,0.6,-6.8
GVA,Energy+Behavioural+AR,Naive,2024-05-01,1.2,-6.8
GVA,Energy+Behavioural+AR,Naive,2024-06-01,0.4,-6.8
GVA,Energy+Behavioural+AR,Naive,2024-07-01,0.7,-6.8
GVA,Energy+Behavioural+AR,Naive,2024-08-01,1.1,-6.8
GVA,Energy+Behavioural+AR,Naive,2024-09-01,1.0,-6.8
GVA,Energy+Behavioural+AR,Naive,2024-10-01,1.5,-6.8
GVA,Energy+Behavioural+AR,Naive,2024-11-01,1.3,-6.8
GVA,Energy+Behavioural+AR,Naive,2024-12-01,2.0,-6.8
GVA,Energy+Behavioural+AR,Naive,2025-01-01,1.5,-6.8
GVA,Energy+Behavioural+AR,Naive,2025-02-01,1.6,-6.8
GVA,Energy+Behavioural+AR,Naive,2025-03-01,1.5,-6.8
GVA,Energy+Behavioural+AR,Naive,2025-04-01,1.2,-6.8
GVA,Energy+Behavioural+AR,SeasonalNaive,2021-01-01,-9.7,1.3
GVA,Energy+Behavioural+AR,SeasonalNaive,2021-02-01,-8.6,0.8
GVA,Energy+Behavioural+AR,SeasonalNaive,2021-03-01,1.8,-6.7
GVA,Energy+Behavioural+AR,SeasonalNaive,2021-04-01,30.0,-24.3
GVA,Energy+Behavioural+AR,SeasonalNaive,2021-05-01,29.1,-23.1
GVA,Energy+Behavioural+AR,SeasonalNaive,2021-06-01,19.2,-16.5
GVA,Energy+Behavioural+AR,SeasonalNaive,2021-07-01,11.3,-10.9
GVA,Energy+Behavioural+AR,SeasonalNaive,2021-08-01,8.5,-7.6
GVA,Energy+Behavioural+AR,SeasonalNaive,2021-09-01,7.7,-6.7
GVA,Energy+Behavioural+AR,SeasonalNaive,2021-10-01,7.5,-6.3
GVA,Energy+Behavioural+AR,SeasonalNaive,2021-11-01,10.4,-8.0
GVA,Energy+Behavioural+AR,SeasonalNaive,2021-12-01,8.3,-6.8
GVA,Energy+Behavioural+AR,SeasonalNaive,2022-01-01,12.6,-9.7
GVA,Energy+Behavioural+AR,SeasonalNaive,2022-02-01,11.7,-8.6
GVA,Energy+Behavioural+AR,SeasonalNaive,2022-03-01,8.5,1.8
GVA,Energy+Behavioural+AR,SeasonalNaive,2022-04-01,5.4,30.0
GVA,Energy+Behavioural+AR,SeasonalNaive,2022-05-01,4.4,29.1
GVA,Energy+Behavioural+AR,SeasonalNaive,2022-06-01,2.8,19.2
GVA,Energy+Behavioural+AR,SeasonalNaive,2022-07-01,3.7,11.3
GVA,Energy+Behavioural+AR,SeasonalNaive,2022-08-01,2.7,8.5
GVA,Energy+Behavioural+AR,SeasonalNaive,2022-09-01,1.4,7.7
GVA,Energy+Behavioural+AR,SeasonalNaive,2022-10-01,2.2,7.5
GVA,Energy+Behavioural+AR,SeasonalNaive,2022-11-01,1.7,10.4
GVA,Energy+Behavioural+AR,SeasonalNaive,2022-12-01,1.4,8.3
GVA,Energy+Behavioural+AR,SeasonalNaive,2023-01-01,1.2,12.6
GVA,Energy+Behavioural+AR,SeasonalNaive,2023-02-01,1.0,11.7
GVA,Energy+Behavioural+AR,SeasonalNaive,2023-03-01,0.6,8.5
GVA,Energy+Behavioural+AR,SeasonalNaive,2023-04-01,0.6,5.4
GVA,Energy+Behavioural+AR,SeasonalNaive,2023-05-01,-0.2,4.4
GVA,Energy+Behavioural+AR,SeasonalNaive,2023-06-01,1.1,2.8
GVA,Energy+Behavioural+AR,SeasonalNaive,2023-07-01,0.2,3.7
GVA,Energy+Behavioural+AR,SeasonalNaive,2023-08-01,0.1,2.7
GVA,Energy+Behavioural+AR,SeasonalNaive,2023-09-01,0.8,1.4
GVA,Energy+Behavioural+AR,SeasonalNaive,2023-10-01,-0.5,2.2
GVA,Energy+Behavioural+AR,SeasonalNaive,2023-11-01,-0.3,1.7
GVA,Energy+Behavioural+AR,SeasonalNaive,2023-12-01,-0.1,1.4
GVA,Energy+Behavioural+AR,SeasonalNaive,2024-01-01,0.0,1.2
GVA,Energy+Behavioural+AR,SeasonalNaive,2024-02-01,0.0,1.0
GVA,Energy+Behavioural+AR,SeasonalNaive,2024-03-01,0.7,0.6
GVA,Energy+Behavioural+AR,SeasonalNaive,2024-04-01,0.6,0.6
GVA,Energy+Behavioural+AR,SeasonalNaive,2024-05-01,1.2,-0.2
GVA,Energy+Behavioural+AR,SeasonalNaive,2024-06-01,0.4,1.1
GVA,Energy+Behavioural+AR,SeasonalNaive,2024-07-01,0.7,0.2
GVA,Energy+Behavioural+AR,SeasonalNaive,2024-08-01,1.1,0.1
GVA,Energy+Behavioural+AR,SeasonalNaive,2024-09-01,1.0,0.8
GVA,Energy+Behavioural+AR,SeasonalNaive,2024-10-01,1.5,-0.5
GVA,Energy+Behavioural+AR,SeasonalNaive,2024-11-01,1.3,-0.3
GVA,Energy+Behavioural+AR,SeasonalNaive,2024-12-01,2.0,-0.1
GVA,Energy+Behavioural+AR,SeasonalNaive,2025-01-01,1.5,0.0
GVA,Energy+Behavioural+AR,SeasonalNaive,2025-02-01,1.6,0.0
GVA,Energy+Behavioural+AR,SeasonalNaive,2025-03-01,1.5,0.7
GVA,Energy+Behavioural+AR,SeasonalNaive,2025-04-01,1.2,0.6
GVA,Energy+Behavioural+AR,Ridge,2021-01-01,-9.7,-5.169804236338475
GVA,Energy+Behavioural+AR,Ridge,2021-02-01,-8.6,-9.141381966047154
GVA,Energy+Behavioural+AR,Ridge,2021-03-01,1.8,-6.13495424105043
GVA,Energy+Behavioural+AR,Ridge,2021-04-01,30.0,5.750671873252093
GVA,Energy+Behavioural+AR,Ridge,2021-05-01,29.1,34.40596973667854
GVA,Energy+Behavioural+AR,Ridge,2021-06-01,19.2,21.550579178857006
GVA,Energy+Behavioural+AR,Ridge,2021-07-01,11.3,14.07410130450389
GVA,Energy+Behavioural+AR,Ridge,2021-08-01,8.5,9.114361824294875
GVA,Energy+Behavioural+AR,Ridge,2021-09-01,7.7,8.012102173965697
GVA,Energy+Behavioural+AR,Ridge,2021-10-01,7.5,7.112730829385974
GVA,Energy+Behavioural+AR,Ridge,2021-11-01,10.4,7.383899770414613
GVA,Energy+Behavioural+AR,Ridge,2021-12-01,8.3,10.973664792316377
GVA,Energy+Behavioural+AR,Ridge,2022-01-01,12.6,6.081955701531307
GVA,Energy+Behavioural+AR,Ridge,2022-02-01,11.7,12.467913576873372
GVA,Energy+Behavioural+AR,Ridge,2022-03-01,8.5,9.648330181654881
GVA,Energy+Behavioural+AR,Ridge,2022-04-01,5.4,8.670521341087397
GVA,Energy+Behavioural+AR,Ridge,2022-05-01,4.4,4.884959682266142
GVA,Energy+Behavioural+AR,Ridge,2022-06-01,2.8,3.5780180596524556
GVA,Energy+Behavioural+AR,Ridge,2022-07-01,3.7,2.577731609868092
GVA,Energy+Behavioural+AR,Ridge,2022-08-01,2.7,4.128686624873566
GVA,Energy+Behavioural+AR,Ridge,2022-09-01,1.4,0.8500785298883786
GVA,Energy+Behavioural+AR,Ridge,2022-10-01,2.2,0.35390411887681106
GVA,Energy+Behavioural+AR,Ridge,2022-11-01,1.7,2.8805004265867016
GVA,Energy+Behavioural+AR,Ridge,2022-12-01,1.4,2.242631959446981
GVA,Energy+Behavioural+AR,Ridge,2023-01-01,1.2,0.5778910679661347
GVA,Energy+Behavioural+AR,Ridge,2023-02-01,1.0,0.0442633881703709
GVA,Energy+Behavioural+AR,Ridge,2023-03-01,0.6,0.0575654066818132
GVA,Energy+Behavioural+AR,Ridge,2023-04-01,0.6,0.06939329581022191
GVA,Energy+Behavioural+AR,Ridge,2023-05-01,-0.2,-0.03681268724835496
GVA,Energy+Behavioural+AR,Ridge,2023-06-01,1.1,-2.014238834412154
GVA,Energy+Behavioural+AR,Ridge,2023-07-01,0.2,0.24075645851988248
GVA,Energy+Behavioural+AR,Ridge,2023-08-01,0.1,0.5967219192265023
GVA,Energy+Behavioural+AR,Ridge,2023-09-01,0.8,1.6903379985070675
GVA,Energy+Behavioural+AR,Ridge,2023-10-01,-0.5,1.927201747871039
GVA,Energy+Behavioural+AR,Ridge,2023-11-01,-0.3,-0.269801905443646
GVA,Energy+Behavioural+AR,Ridge,2023-12-01,-0.1,0.2875743941617779
GVA,Energy+Behavioural+AR,Ridge,2024-01-01,0.0,-0.5137971459228545
GVA,Energy+Behavioural+AR,Ridge,2024-02-01,0.0,-0.04582954026802755
GVA,Energy+Behavioural+AR,Ridge,2024-03-01,0.7,0.7003573312943192
GVA,Energy+Behavioural+AR,Ridge,2024-04-01,0.6,1.2835106722228427
GVA,Energy+Behavioural+AR,Ridge,2024-05-01,1.2,0.7025601386073781
GVA,Energy+Behavioural+AR,Ridge,2024-06-01,0.4,1.1557131022719582
GVA,Energy+Behavioural+AR,Ridge,2024-07-01,0.7,-0.5629406023355066
GVA,Energy+Behavioural+AR,Ridge,2024-08-01,1.1,0.597399541522103
GVA,Energy+Behavioural+AR,Ridge,2024-09-01,1.0,0.8265850948439295
GVA,Energy+Behavioural+AR,Ridge,2024-10-01,1.5,0.23449207221546886
GVA,Energy+Behavioural+AR,Ridge,2024-11-01,1.3,1.6756798671235056
GVA,Energy+Behavioural+AR,Ridge,2024-12-01,2.0,1.9319751260915659
GVA,Energy+Behavioural+AR,Ridge,2025-01-01,1.5,2.609646772587677
GVA,Energy+Behavioural+AR,Ridge,2025-02-01,1.6,1.1738451805564531
GVA,Energy+Behavioural+AR,Ridge,2025-03-01,1.5,1.6143700018548501
GVA,Energy+Behavioural+AR,Ridge,2025-04-01,1.2,0.9708215218506291
GVA,Energy+Behavioural+AR,ElasticNet,2021-01-01,-9.7,-5.226317361655198
GVA,Energy+Behavioural+AR,ElasticNet,2021-02-01,-8.6,-8.995402058756063
GVA,Energy+Behavioural+AR,ElasticNet,2021-03-01,1.8,-6.159050356854106
GVA,Energy+Behavioural+AR,ElasticNet,2021-04-01,30.0,5.573382506726705
GVA,Energy+Behavioural+AR,ElasticNet,2021-05-01,29.1,33.86525737707849
GVA,Energy+Behavioural+AR,ElasticNet,2021-06-01,19.2,22.077943179977993
GVA,Energy+Behavioural+AR,ElasticNet,2021-07-01,11.3,14.243989692763765
GVA,Energy+Behavioural+AR,ElasticNet,2021-08-01,8.5,9.164075790839396
GVA,Energy+Behavioural+AR,ElasticNet,2021-09-01,7.7,7.951721780037005
GVA,Energy+Behavioural+AR,ElasticNet,2021-10-01,7.5,7.045832080636229
GVA,Energy+Behavioural+AR,ElasticNet,2021-11-01,10.4,7.3031051281115325
GVA,Energy+Behavioural+AR,ElasticNet,2021-12-01,8.3,10.86086439084872
GVA,Energy+Behavioural+AR,ElasticNet,2022-01-01,12.6,6.160797254832706
GVA,Energy+Behavioural+AR,ElasticNet,2022-02-01,11.7,12.280039774762743
GVA,Energy+Behavioural+AR,ElasticNet,2022-03-01,8.5,9.693322268034004
GVA,Energy+Behavioural+AR,ElasticNet,2022-04-01,5.4,8.503146244088654
GVA,Energy+Behavioural+AR,ElasticNet,2022-05-01,4.4,4.787576995830705
GVA,Energy+Behavioural+AR,ElasticNet,2022-06-01,2.8,3.626056297493084
GVA,Energy+Behavioural+AR,ElasticNet,2022-07-01,3.7,2.85253681403609
GVA,Energy+Behavioural+AR,ElasticNet,2022-08-01,2.7,4.084927972847469
GVA,Energy+Behavioural+AR,ElasticNet,2022-09-01,1.4,1.0677012983485117
GVA,Energy+Behavioural+AR,ElasticNet,2022-10-01,2.2,0.3444361823022368
GVA,Energy+Behavioural+AR,ElasticNet,2022-11-01,1.7,2.603147284574014
GVA,Energy+Behavioural+AR,ElasticNet,2022-12-01,1.4,2.064378259405369
GVA,Energy+Behavioural+AR,ElasticNet,2023-01-01,1.2,0.6619276586458573
GVA,Energy+Behavioural+AR,ElasticNet,2023-02-01,1.0,0.10636037478053106
GVA,Energy+Behavioural+AR,ElasticNet,2023-03-01,0.6,0.09651136546212191
GVA,Energy+Behavioural+AR,ElasticNet,2023-04-01,0.6,0.2944443392494318
GVA,Energy+Behavioural+AR,ElasticNet,2023-05-01,-0.2,0.20504708458746568
GVA,Energy+Behavioural+AR,ElasticNet,2023-06-01,1.1,-1.8265138782335446
GVA,Energy+Behavioural+AR,ElasticNet,2023-07-01,0.2,0.44362180175438803
GVA,Energy+Behavioural+AR,ElasticNet,2023-08-01,0.1,0.5936389227531811
GVA,Energy+Behavioural+AR,ElasticNet,2023-09-01,0.8,1.4780667220164876
GVA,Energy+Behavioural+AR,ElasticNet,2023-10-01,-0.5,1.6875153678682437
GVA,Energy+Behavioural+AR,ElasticNet,2023-11-01,-0.3,-0.6591460682428376
GVA,Energy+Behavioural+AR,ElasticNet,2023-12-01,-0.1,-0.06619540667713886
GVA,Energy+Behavioural+AR,ElasticNet,2024-01-01,0.0,-0.4953533335814011
GVA,Energy+Behavioural+AR,ElasticNet,2024-02-01,0.0,0.06586164314563137
GVA,Energy+Behavioural+AR,ElasticNet,2024-03-01,0.7,0.7928227006686579
GVA,Energy+Behavioural+AR,ElasticNet,2024-04-01,0.6,1.42156098159716
GVA,Energy+Behavioural+AR,ElasticNet,2024-05-01,1.2,0.7906437239776574
GVA,Energy+Behavioural+AR,ElasticNet,2024-06-01,0.4,1.2338884744157692
GVA,Energy+Behavioural+AR,ElasticNet,2024-07-01,0.7,-0.47583646711635663
GVA,Energy+Behavioural+AR,ElasticNet,2024-08-01,1.1,0.5602188426388248
GVA,Energy+Behavioural+AR,ElasticNet,2024-09-01,1.0,0.8141957510015949
GVA,Energy+Behavioural+AR,ElasticNet,2024-10-01,1.5,0.2610026093764377
GVA,Energy+Behavioural+AR,ElasticNet,2024-11-01,1.3,1.6032534071006461
GVA,Energy+Behavioural+AR,ElasticNet,2024-12-01,2.0,1.8517263693094062
GVA,Energy+Behavioural+AR,ElasticNet,2025-01-01,1.5,2.5647475550344594
GVA,Energy+Behavioural+AR,ElasticNet,2025-02-01,1.6,1.1144125082160294
GVA,Energy+Behavioural+AR,ElasticNet,2025-03-01,1.5,1.5107928351799975
GVA,Energy+Behavioural+AR,ElasticNet,2025-04-01,1.2,0.9450487270638288
GVA,Energy+Behavioural+AR,HistGradientBoosting,2021-01-01,-9.7,-6.632125430397516
GVA,Energy+Behavioural+AR,HistGradientBoosting,2021-02-01,-8.6,-6.572044403596586
GVA,Energy+Behavioural+AR,HistGradientBoosting,2021-03-01,1.8,-6.563195077778404
GVA,Energy+Behavioural+AR,HistGradientBoosting,2021-04-01,30.0,1.8367509190595444
GVA,Energy+Behavioural+AR,HistGradientBoosting,2021-05-01,29.1,2.3239456687341424
GVA,Energy+Behavioural+AR,HistGradientBoosting,2021-06-01,19.2,3.0886387824276182
GVA,Energy+Behavioural+AR,HistGradientBoosting,2021-07-01,11.3,2.6848171239895566
GVA,Energy+Behavioural+AR,HistGradientBoosting,2021-08-01,8.5,3.3995231047721637
GVA,Energy+Behavioural+AR,HistGradientBoosting,2021-09-01,7.7,3.359039715275424
GVA,Energy+Behavioural+AR,HistGradientBoosting,2021-10-01,7.5,3.354723546338539
GVA,Energy+Behavioural+AR,HistGradientBoosting,2021-11-01,10.4,3.4471161441735565
GVA,Energy+Behavioural+AR,HistGradientBoosting,2021-12-01,8.3,3.3321820767279466
GVA,Energy+Behavioural+AR,HistGradientBoosting,2022-01-01,12.6,3.089680513139631
GVA,Energy+Behavioural+AR,HistGradientBoosting,2022-02-01,11.7,3.177154487808997
GVA,Energy+Behavioural+AR,HistGradientBoosting,2022-03-01,8.5,3.267348596140831
GVA,Energy+Behavioural+AR,HistGradientBoosting,2022-04-01,5.4,3.4527011186693986
GVA,Energy+Behavioural+AR,HistGradientBoosting,2022-05-01,4.4,3.3190438347105164
GVA,Energy+Behavioural+AR,HistGradientBoosting,2022-06-01,2.8,3.0819265998228986
GVA,Energy+Behavioural+AR,HistGradientBoosting,2022-07-01,3.7,2.94568563356924
GVA,Energy+Behavioural+AR,HistGradientBoosting,2022-08-01,2.7,3.1186576467718097
GVA,Energy+Behavioural+AR,HistGradientBoosting,2022-09-01,1.4,1.974483658126207
GVA,Energy+Behavioural+AR,HistGradientBoosting,2022-10-01,2.2,0.8673281760487946
GVA,Energy+Behavioural+AR,HistGradientBoosting,2022-11-01,1.7,1.6173764105439246
GVA,Energy+Behavioural+AR,HistGradientBoosting,2022-12-01,1.4,1.9057828631293336
GVA,Energy+Behavioural+AR,HistGradientBoosting,2023-01-01,1.2,0.5087257532050823
GVA,Energy+Behavioural+AR,HistGradientBoosting,2023-02-01,1.0,0.666179766248815
GVA,Energy+Behavioural+AR,HistGradientBoosting,2023-03-01,0.6,0.9959597651788377
GVA,Energy+Behavioural+AR,HistGradientBoosting,2023-04-01,0.6,0.0581509698170414
GVA,Energy+Behavioural+AR,HistGradientBoosting,2023-05-01,-0.2,-0.5664748885712848
GVA,Energy+Behavioural+AR,HistGradientBoosting,2023-06-01,1.1,-0.8615126963474147
GVA,Energy+Behavioural+AR,HistGradientBoosting,2023-07-01,0.2,0.9517520590142448
GVA,Energy+Behavioural+AR,HistGradientBoosting,2023-08-01,0.1,0.29458969629837384
GVA,Energy+Behavioural+AR,HistGradientBoosting,2023-09-01,0.8,0.14751121223739452
GVA,Energy+Behavioural+AR,HistGradientBoosting,2023-10-01,-0.5,0.6505023435994982
GVA,Energy+Behavioural+AR,HistGradientBoosting,2023-11-01,-0.3,0.43031296010164977
GVA,Energy+Behavioural+AR,HistGradientBoosting,2023-12-01,-0.1,-0.06218324737594931
GVA,Energy+Behavioural+AR,HistGradientBoosting,2024-01-01,0.0,-0.5054754275437979
GVA,Energy+Behavioural+AR,HistGradientBoosting,2024-02-01,0.0,0.0492062871830244
GVA,Energy+Behavioural+AR,HistGradientBoosting,2024-03-01,0.7,0.3211306313836959
GVA,Energy+Behavioural+AR,HistGradientBoosting,2024-04-01,0.6,0.2580012827364925
GVA,Energy+Behavioural+AR,HistGradientBoosting,2024-05-01,1.2,0.7081796247755765
GVA,Energy+Behavioural+AR,HistGradientBoosting,2024-06-01,0.4,1.4185143390423534
GVA,Energy+Behavioural+AR,HistGradientBoosting,2024-07-01,0.7,-0.5065381537843341
GVA,Energy+Behavioural+AR,HistGradientBoosting,2024-08-01,1.1,-0.23917869758171828
GVA,Energy+Behavioural+AR,HistGradientBoosting,2024-09-01,1.0,0.6465945635483366
GVA,Energy+Behavioural+AR,HistGradientBoosting,2024-10-01,1.5,0.4351472286231571
GVA,Energy+Behavioural+AR,HistGradientBoosting,2024-11-01,1.3,1.4488690506300015
GVA,Energy+Behavioural+AR,HistGradientBoosting,2024-12-01,2.0,1.3223175977549624
GVA,Energy+Behavioural+AR,HistGradientBoosting,2025-01-01,1.5,1.3208247019534296
GVA,Energy+Behavioural+AR,HistGradientBoosting,2025-02-01,1.6,1.8807230286754777
GVA,Energy+Behavioural+AR,HistGradientBoosting,2025-03-01,1.5,1.7951778474844773
GVA,Energy+Behavioural+AR,HistGradientBoosting,2025-04-01,1.2,1.8554851504079986
GVA,Energy+Behavioural+AR,XGBoost,2021-01-01,-9.7,-9.328670501708984
GVA,Energy+Behavioural+AR,XGBoost,2021-02-01,-8.6,-9.393142700195312
GVA,Energy+Behavioural+AR,XGBoost,2021-03-01,1.8,-10.046452522277832
GVA,Energy+Behavioural+AR,XGBoost,2021-04-01,30.0,-0.6208740472793579
GVA,Energy+Behavioural+AR,XGBoost,2021-05-01,29.1,2.142902135848999
GVA,Energy+Behavioural+AR,XGBoost,2021-06-01,19.2,3.1001882553100586
GVA,Energy+Behavioural+AR,XGBoost,2021-07-01,11.3,3.0236241817474365
GVA,Energy+Behavioural+AR,XGBoost,2021-08-01,8.5,3.3030593395233154
GVA,Energy+Behavioural+AR,XGBoost,2021-09-01,7.7,3.2964701652526855
GVA,Energy+Behavioural+AR,XGBoost,2021-10-01,7.5,3.3119301795959473
GVA,Energy+Behavioural+AR,XGBoost,2021-11-01,10.4,3.2135908603668213
GVA,Energy+Behavioural+AR,XGBoost,2021-12-01,8.3,3.3333258628845215
GVA,Energy+Behavioural+AR,XGBoost,2022-01-01,12.6,3.2645950317382812
GVA,Energy+Behavioural+AR,XGBoost,2022-02-01,11.7,3.1140286922454834
GVA,Energy+Behavioural+AR,XGBoost,2022-03-01,8.5,3.210252046585083
GVA,Energy+Behavioural+AR,XGBoost,2022-04-01,5.4,3.4024064540863037
GVA,Energy+Behavioural+AR,XGBoost,2022-05-01,4.4,3.2259347438812256
GVA,Energy+Behavioural+AR,XGBoost,2022-06-01,2.8,3.2096972465515137
GVA,Energy+Behavioural+AR,XGBoost,2022-07-01,3.7,2.927985429763794
GVA,Energy+Behavioural+AR,XGBoost,2022-08-01,2.7,3.0399718284606934
GVA,Energy+Behavioural+AR,XGBoost,2022-09-01,1.4,0.918146014213562
GVA,Energy+Behavioural+AR,XGBoost,2022-10-01,2.2,1.7885531187057495
GVA,Energy+Behavioural+AR,XGBoost,2022-11-01,1.7,1.9804153442382812
GVA,Energy+Behavioural+AR,XGBoost,2022-12-01,1.4,2.1614959239959717
GVA,Energy+Behavioural+AR,XGBoost,2023-01-01,1.2,-0.06583407521247864
GVA,Energy+Behavioural+AR,XGBoost,2023-02-01,1.0,0.6750515103340149
GVA,Energy+Behavioural+AR,XGBoost,2023-03-01,0.6,1.1179859638214111
GVA,Energy+Behavioural+AR,XGBoost,2023-04-01,0.6,-0.38162961602211
GVA,Energy+Behavioural+AR,XGBoost,2023-05-01,-0.2,-1.2525634765625
GVA,Energy+Behavioural+AR,XGBoost,2023-06-01,1.1,-4.222311496734619
GVA,Energy+Behavioural+AR,XGBoost,2023-07-01,0.2,-2.518817901611328
GVA,Energy+Behavioural+AR,XGBoost,2023-08-01,0.1,-0.4034695327281952
GVA,Energy+Behavioural+AR,XGBoost,2023-09-01,0.8,-1.0355924367904663
GVA,Energy+Behavioural+AR,XGBoost,2023-10-01,-0.5,0.14799153804779053
GVA,Energy+Behavioural+AR,XGBoost,2023-11-01,-0.3,-0.5326039791107178
GVA,Energy+Behavioural+AR,XGBoost,2023-12-01,-0.1,-2.087047576904297
GVA,Energy+Behavioural+AR,XGBoost,2024-01-01,0.0,-3.622621774673462
GVA,Energy+Behavioural+AR,XGBoost,2024-02-01,0.0,-0.5880383849143982
GVA,Energy+Behavioural+AR,XGBoost,2024-03-01,0.7,0.04164767637848854
GVA,Energy+Behavioural+AR,XGBoost,2024-04-01,0.6,0.17246684432029724
GVA,Energy+Behavioural+AR,XGBoost,2024-05-01,1.2,-0.6128161549568176
GVA,Energy+Behavioural+AR,XGBoost,2024-06-01,0.4,0.13429787755012512
GVA,Energy+Behavioural+AR,XGBoost,2024-07-01,0.7,-1.350508689880371
GVA,Energy+Behavioural+AR,XGBoost,2024-08-01,1.1,0.20868244767189026
GVA,Energy+Behavioural+AR,XGBoost,2024-09-01,1.0,-0.2162390500307083
GVA,Energy+Behavioural+AR,XGBoost,2024-10-01,1.5,-1.945913553237915
GVA,Energy+Behavioural+AR,XGBoost,2024-11-01,1.3,1.3274885416030884
GVA,Energy+Behavioural+AR,XGBoost,2024-12-01,2.0,1.3319470882415771
GVA,Energy+Behavioural+AR,XGBoost,2025-01-01,1.5,1.713248372077942
GVA,Energy+Behavioural+AR,XGBoost,2025-02-01,1.6,1.7481087446212769
GVA,Energy+Behavioural+AR,XGBoost,2025-03-01,1.5,1.591651201248169
GVA,Energy+Behavioural+AR,XGBoost,2025-04-01,1.2,1.7232556343078613
GVA,Full,Naive,2021-01-01,-9.7,-6.8
GVA,Full,Naive,2021-02-01,-8.6,-6.8
GVA,Full,Naive,2021-03-01,1.8,-6.8
GVA,Full,Naive,2021-04-01,30.0,-6.8
GVA,Full,Naive,2021-05-01,29.1,-6.8
GVA,Full,Naive,2021-06-01,19.2,-6.8
GVA,Full,Naive,2021-07-01,11.3,-6.8
GVA,Full,Naive,2021-08-01,8.5,-6.8
GVA,Full,Naive,2021-09-01,7.7,-6.8
GVA,Full,Naive,2021-10-01,7.5,-6.8
GVA,Full,Naive,2021-11-01,10.4,-6.8
GVA,Full,Naive,2021-12-01,8.3,-6.8
GVA,Full,Naive,2022-01-01,12.6,-6.8
GVA,Full,Naive,2022-02-01,11.7,-6.8
GVA,Full,Naive,2022-03-01,8.5,-6.8
GVA,Full,Naive,2022-04-01,5.4,-6.8
GVA,Full,Naive,2022-05-01,4.4,-6.8
GVA,Full,Naive,2022-06-01,2.8,-6.8
GVA,Full,Naive,2022-07-01,3.7,-6.8
GVA,Full,Naive,2022-08-01,2.7,-6.8
GVA,Full,Naive,2022-09-01,1.4,-6.8
GVA,Full,Naive,2022-10-01,2.2,-6.8
GVA,Full,Naive,2022-11-01,1.7,-6.8
GVA,Full,Naive,2022-12-01,1.4,-6.8
GVA,Full,Naive,2023-01-01,1.2,-6.8
GVA,Full,Naive,2023-02-01,1.0,-6.8
GVA,Full,Naive,2023-03-01,0.6,-6.8
GVA,Full,Naive,2023-04-01,0.6,-6.8
GVA,Full,Naive,2023-05-01,-0.2,-6.8
GVA,Full,Naive,2023-06-01,1.1,-6.8
GVA,Full,Naive,2023-07-01,0.2,-6.8
GVA,Full,Naive,2023-08-01,0.1,-6.8
GVA,Full,Naive,2023-09-01,0.8,-6.8
GVA,Full,Naive,2023-10-01,-0.5,-6.8
GVA,Full,Naive,2023-11-01,-0.3,-6.8
GVA,Full,Naive,2023-12-01,-0.1,-6.8
GVA,Full,Naive,2024-01-01,0.0,-6.8
GVA,Full,Naive,2024-02-01,0.0,-6.8
GVA,Full,Naive,2024-03-01,0.7,-6.8
GVA,Full,Naive,2024-04-01,0.6,-6.8
GVA,Full,Naive,2024-05-01,1.2,-6.8
GVA,Full,Naive,2024-06-01,0.4,-6.8
GVA,Full,Naive,2024-07-01,0.7,-6.8
GVA,Full,Naive,2024-08-01,1.1,-6.8
GVA,Full,Naive,2024-09-01,1.0,-6.8
GVA,Full,Naive,2024-10-01,1.5,-6.8
GVA,Full,Naive,2024-11-01,1.3,-6.8
GVA,Full,Naive,2024-12-01,2.0,-6.8
GVA,Full,Naive,2025-01-01,1.5,-6.8
GVA,Full,Naive,2025-02-01,1.6,-6.8
GVA,Full,Naive,2025-03-01,1.5,-6.8
GVA,Full,Naive,2025-04-01,1.2,-6.8
GVA,Full,SeasonalNaive,2021-01-01,-9.7,1.3
GVA,Full,SeasonalNaive,2021-02-01,-8.6,0.8
GVA,Full,SeasonalNaive,2021-03-01,1.8,-6.7
GVA,Full,SeasonalNaive,2021-04-01,30.0,-24.3
GVA,Full,SeasonalNaive,2021-05-01,29.1,-23.1
GVA,Full,SeasonalNaive,2021-06-01,19.2,-16.5
GVA,Full,SeasonalNaive,2021-07-01,11.3,-10.9
GVA,Full,SeasonalNaive,2021-08-01,8.5,-7.6
GVA,Full,SeasonalNaive,2021-09-01,7.7,-6.7
GVA,Full,SeasonalNaive,2021-10-01,7.5,-6.3
GVA,Full,SeasonalNaive,2021-11-01,10.4,-8.0
GVA,Full,SeasonalNaive,2021-12-01,8.3,-6.8
GVA,Full,SeasonalNaive,2022-01-01,12.6,-9.7
GVA,Full,SeasonalNaive,2022-02-01,11.7,-8.6
GVA,Full,SeasonalNaive,2022-03-01,8.5,1.8
GVA,Full,SeasonalNaive,2022-04-01,5.4,30.0
GVA,Full,SeasonalNaive,2022-05-01,4.4,29.1
GVA,Full,SeasonalNaive,2022-06-01,2.8,19.2
GVA,Full,SeasonalNaive,2022-07-01,3.7,11.3
GVA,Full,SeasonalNaive,2022-08-01,2.7,8.5
GVA,Full,SeasonalNaive,2022-09-01,1.4,7.7
GVA,Full,SeasonalNaive,2022-10-01,2.2,7.5
GVA,Full,SeasonalNaive,2022-11-01,1.7,10.4
GVA,Full,SeasonalNaive,2022-12-01,1.4,8.3
GVA,Full,SeasonalNaive,2023-01-01,1.2,12.6
GVA,Full,SeasonalNaive,2023-02-01,1.0,11.7
GVA,Full,SeasonalNaive,2023-03-01,0.6,8.5
GVA,Full,SeasonalNaive,2023-04-01,0.6,5.4
GVA,Full,SeasonalNaive,2023-05-01,-0.2,4.4
GVA,Full,SeasonalNaive,2023-06-01,1.1,2.8
GVA,Full,SeasonalNaive,2023-07-01,0.2,3.7
GVA,Full,SeasonalNaive,2023-08-01,0.1,2.7
GVA,Full,SeasonalNaive,2023-09-01,0.8,1.4
GVA,Full,SeasonalNaive,2023-10-01,-0.5,2.2
GVA,Full,SeasonalNaive,2023-11-01,-0.3,1.7
GVA,Full,SeasonalNaive,2023-12-01,-0.1,1.4
GVA,Full,SeasonalNaive,2024-01-01,0.0,1.2
GVA,Full,SeasonalNaive,2024-02-01,0.0,1.0
GVA,Full,SeasonalNaive,2024-03-01,0.7,0.6
GVA,Full,SeasonalNaive,2024-04-01,0.6,0.6
GVA,Full,SeasonalNaive,2024-05-01,1.2,-0.2
GVA,Full,SeasonalNaive,2024-06-01,0.4,1.1
GVA,Full,SeasonalNaive,2024-07-01,0.7,0.2
GVA,Full,SeasonalNaive,2024-08-01,1.1,0.1
GVA,Full,SeasonalNaive,2024-09-01,1.0,0.8
GVA,Full,SeasonalNaive,2024-10-01,1.5,-0.5
GVA,Full,SeasonalNaive,2024-11-01,1.3,-0.3
GVA,Full,SeasonalNaive,2024-12-01,2.0,-0.1
GVA,Full,SeasonalNaive,2025-01-01,1.5,0.0
GVA,Full,SeasonalNaive,2025-02-01,1.6,0.0
GVA,Full,SeasonalNaive,2025-03-01,1.5,0.7
GVA,Full,SeasonalNaive,2025-04-01,1.2,0.6
GVA,Full,Ridge,2021-01-01,-9.7,-4.764293481401453
GVA,Full,Ridge,2021-02-01,-8.6,-9.028497139810007
GVA,Full,Ridge,2021-03-01,1.8,-5.631593539000675
GVA,Full,Ridge,2021-04-01,30.0,5.173336039923883
GVA,Full,Ridge,2021-05-01,29.1,32.29878318375163
GVA,Full,Ridge,2021-06-01,19.2,22.29382771857894
GVA,Full,Ridge,2021-07-01,11.3,13.907533223481305
GVA,Full,Ridge,2021-08-01,8.5,9.333090101730168
GVA,Full,Ridge,2021-09-01,7.7,7.463656476075593
GVA,Full,Ridge,2021-10-01,7.5,6.923358569833613
GVA,Full,Ridge,2021-11-01,10.4,7.629213203058851
GVA,Full,Ridge,2021-12-01,8.3,10.494528545412805
GVA,Full,Ridge,2022-01-01,12.6,6.745838682131701
GVA,Full,Ridge,2022-02-01,11.7,12.301960191147632
GVA,Full,Ridge,2022-03-01,8.5,10.32101540672998
GVA,Full,Ridge,2022-04-01,5.4,8.748718001611891
GVA,Full,Ridge,2022-05-01,4.4,4.40080855231194
GVA,Full,Ridge,2022-06-01,2.8,3.7253558387394983
GVA,Full,Ridge,2022-07-01,3.7,4.437663005939028
GVA,Full,Ridge,2022-08-01,2.7,3.8610849323065586
GVA,Full,Ridge,2022-09-01,1.4,2.2935488279614726
GVA,Full,Ridge,2022-10-01,2.2,2.040004927761738
GVA,Full,Ridge,2022-11-01,1.7,2.75636316839053
GVA,Full,Ridge,2022-12-01,1.4,3.2722318950387876
GVA,Full,Ridge,2023-01-01,1.2,2.276649160060105
GVA,Full,Ridge,2023-02-01,1.0,0.47683343896217867
GVA,Full,Ridge,2023-03-01,0.6,1.9326175395209213
GVA,Full,Ridge,2023-04-01,0.6,0.1638212109414734
GVA,Full,Ridge,2023-05-01,-0.2,0.5953203880770634
GVA,Full,Ridge,2023-06-01,1.1,-0.8421374037959026
GVA,Full,Ridge,2023-07-01,0.2,1.3890230670410333
GVA,Full,Ridge,2023-08-01,0.1,1.0634476340255326
GVA,Full,Ridge,2023-09-01,0.8,2.1404605773419716
GVA,Full,Ridge,2023-10-01,-0.5,1.4985650076073798
GVA,Full,Ridge,2023-11-01,-0.3,0.019893096591172776
GVA,Full,Ridge,2023-12-01,-0.1,-0.08972923774561359
GVA,Full,Ridge,2024-01-01,0.0,-0.9033463667278179
GVA,Full,Ridge,2024-02-01,0.0,-0.32690185177026576
GVA,Full,Ridge,2024-03-01,0.7,0.27842271754669246
GVA,Full,Ridge,2024-04-01,0.6,0.02064692541926827
GVA,Full,Ridge,2024-05-01,1.2,0.16403821264777996
GVA,Full,Ridge,2024-06-01,0.4,0.9504329624648408
GVA,Full,Ridge,2024-07-01,0.7,-0.39910844642612897
GVA,Full,Ridge,2024-08-01,1.1,1.3850319377882485
GVA,Full,Ridge,2024-09-01,1.0,0.5880230544087366
GVA,Full,Ridge,2024-10-01,1.5,0.8476314085628089
GVA,Full,Ridge,2024-11-01,1.3,1.3559988850150486
GVA,Full,Ridge,2024-12-01,2.0,1.5349368209743257
GVA,Full,Ridge,2025-01-01,1.5,2.7003158656780526
GVA,Full,Ridge,2025-02-01,1.6,1.163269359228183
GVA,Full,Ridge,2025-03-01,1.5,1.1146678355622601
GVA,Full,Ridge,2025-04-01,1.2,0.7573339171481595
GVA,Full,ElasticNet,2021-01-01,-9.7,-5.2226876120757435
GVA,Full,ElasticNet,2021-02-01,-8.6,-8.35079063771544
GVA,Full,ElasticNet,2021-03-01,1.8,-6.236586989732433
GVA,Full,ElasticNet,2021-04-01,30.0,4.342458507021722
GVA,Full,ElasticNet,2021-05-01,29.1,30.471327856435003
GVA,Full,ElasticNet,2021-06-01,19.2,24.720305521375966
GVA,Full,ElasticNet,2021-07-01,11.3,14.708587106818305
GVA,Full,ElasticNet,2021-08-01,8.5,8.67428297389186
GVA,Full,ElasticNet,2021-09-01,7.7,7.143047066334576
GVA,Full,ElasticNet,2021-10-01,7.5,6.695849958740602
GVA,Full,ElasticNet,2021-11-01,10.4,7.068109057319412
GVA,Full,ElasticNet,2021-12-01,8.3,10.070842641645859
GVA,Full,ElasticNet,2022-01-01,12.6,6.969874292681902
GVA,Full,ElasticNet,2022-02-01,11.7,11.420048019320378
GVA,Full,ElasticNet,2022-03-01,8.5,10.184092418538963
GVA,Full,ElasticNet,2022-04-01,5.4,8.299876163676487
GVA,Full,ElasticNet,2022-05-01,4.4,4.720556828351876
GVA,Full,ElasticNet,2022-06-01,2.8,3.7547490034098816
GVA,Full,ElasticNet,2022-07-01,3.7,3.3737744370077145
GVA,Full,ElasticNet,2022-08-01,2.7,3.4912815671178645
GVA,Full,ElasticNet,2022-09-01,1.4,1.892720575077208
GVA,Full,ElasticNet,2022-10-01,2.2,0.6626526656341951
GVA,Full,ElasticNet,2022-11-01,1.7,1.9705257041270368
GVA,Full,ElasticNet,2022-12-01,1.4,1.5804502327993941
GVA,Full,ElasticNet,2023-01-01,1.2,0.7250854655973449
GVA,Full,ElasticNet,2023-02-01,1.0,0.5456107296590458
GVA,Full,ElasticNet,2023-03-01,0.6,0.5880303212690279
GVA,Full,ElasticNet,2023-04-01,0.6,0.08881880184128654
GVA,Full,ElasticNet,2023-05-01,-0.2,0.34051201574145185
GVA,Full,ElasticNet,2023-06-01,1.1,-0.8454624206024131
GVA,Full,ElasticNet,2023-07-01,0.2,0.36622124761834285
GVA,Full,ElasticNet,2023-08-01,0.1,0.05148345173500046
GVA,Full,ElasticNet,2023-09-01,0.8,0.5255652930183594
GVA,Full,ElasticNet,2023-10-01,-0.5,1.5370223670218275
GVA,Full,ElasticNet,2023-11-01,-0.3,0.16235148684404765
GVA,Full,ElasticNet,2023-12-01,-0.1,0.05381587656508291
GVA,Full,ElasticNet,2024-01-01,0.0,-0.45115691003843517
GVA,Full,ElasticNet,2024-02-01,0.0,0.03283682338034111
GVA,Full,ElasticNet,2024-03-01,0.7,0.008202981173979218
GVA,Full,ElasticNet,2024-04-01,0.6,0.7456275083878401
GVA,Full,ElasticNet,2024-05-01,1.2,0.677440889255672
GVA,Full,ElasticNet,2024-06-01,0.4,1.1370472083113117
GVA,Full,ElasticNet,2024-07-01,0.7,0.01616718035728648
GVA,Full,ElasticNet,2024-08-01,1.1,1.0361783458336389
GVA,Full,ElasticNet,2024-09-01,1.0,0.7750030490139423
GVA,Full,ElasticNet,2024-10-01,1.5,0.6957263107872091
GVA,Full,ElasticNet,2024-11-01,1.3,0.9212760884030128
GVA,Full,ElasticNet,2024-12-01,2.0,1.636190409158798
GVA,Full,ElasticNet,2025-01-01,1.5,1.8676617560923106
GVA,Full,ElasticNet,2025-02-01,1.6,1.3086676859491366
GVA,Full,ElasticNet,2025-03-01,1.5,1.5571911600231936
GVA,Full,ElasticNet,2025-04-01,1.2,0.9679674118585192
GVA,Full,HistGradientBoosting,2021-01-01,-9.7,-6.644983161998921
GVA,Full,HistGradientBoosting,2021-02-01,-8.6,-6.589340993137336
GVA,Full,HistGradientBoosting,2021-03-01,1.8,-6.621343466675342
GVA,Full,HistGradientBoosting,2021-04-01,30.0,1.5945194160877239
GVA,Full,HistGradientBoosting,2021-05-01,29.1,2.394641717860419
GVA,Full,HistGradientBoosting,2021-06-01,19.2,3.070351787421324
GVA,Full,HistGradientBoosting,2021-07-01,11.3,2.674346257666238
GVA,Full,HistGradientBoosting,2021-08-01,8.5,3.050751913324837
GVA,Full,HistGradientBoosting,2021-09-01,7.7,3.070351787421324
GVA,Full,HistGradientBoosting,2021-10-01,7.5,2.9714700491396733
GVA,Full,HistGradientBoosting,2021-11-01,10.4,3.018406718356556
GVA,Full,HistGradientBoosting,2021-12-01,8.3,2.995109744463252
GVA,Full,HistGradientBoosting,2022-01-01,12.6,2.975509870366765
GVA,Full,HistGradientBoosting,2022-02-01,11.7,2.995109744463252
GVA,Full,HistGradientBoosting,2022-03-01,8.5,2.995109744463252
GVA,Full,HistGradientBoosting,2022-04-01,5.4,2.9714700491396733
GVA,Full,HistGradientBoosting,2022-05-01,4.4,2.995109744463252
GVA,Full,HistGradientBoosting,2022-06-01,2.8,2.995109744463252
GVA,Full,HistGradientBoosting,2022-07-01,3.7,2.6468339854781022
GVA,Full,HistGradientBoosting,2022-08-01,2.7,2.836522211199094
GVA,Full,HistGradientBoosting,2022-09-01,1.4,1.7027231176425794
GVA,Full,HistGradientBoosting,2022-10-01,2.2,0.9536373873596262
GVA,Full,HistGradientBoosting,2022-11-01,1.7,1.5848173568490345
GVA,Full,HistGradientBoosting,2022-12-01,1.4,1.9948408490775953
GVA,Full,HistGradientBoosting,2023-01-01,1.2,0.5549964634410162
GVA,Full,HistGradientBoosting,2023-02-01,1.0,0.5297243177116571
GVA,Full,HistGradientBoosting,2023-03-01,0.6,1.0730246239492707
GVA,Full,HistGradientBoosting,2023-04-01,0.6,0.6859011607992421
GVA,Full,HistGradientBoosting,2023-05-01,-0.2,0.11950182268815937
GVA,Full,HistGradientBoosting,2023-06-01,1.1,-0.41796839949529907
GVA,Full,HistGradientBoosting,2023-07-01,0.2,0.7127388798637198
GVA,Full,HistGradientBoosting,2023-08-01,0.1,0.7328378300161245
GVA,Full,HistGradientBoosting,2023-09-01,0.8,0.7328378300161245
GVA,Full,HistGradientBoosting,2023-10-01,-0.5,0.7344702804219049
GVA,Full,HistGradientBoosting,2023-11-01,-0.3,0.5185620366302858
GVA,Full,HistGradientBoosting,2023-12-01,-0.1,0.24842667788040929
GVA,Full,HistGradientBoosting,2024-01-01,0.0,-0.19757020527859928
GVA,Full,HistGradientBoosting,2024-02-01,0.0,0.7111733065286012
GVA,Full,HistGradientBoosting,2024-03-01,0.7,0.7348130018521799
GVA,Full,HistGradientBoosting,2024-04-01,0.6,0.7148704063254179
GVA,Full,HistGradientBoosting,2024-05-01,1.2,0.7651830249844053
GVA,Full,HistGradientBoosting,2024-06-01,0.4,1.5137098724769291
GVA,Full,HistGradientBoosting,2024-07-01,0.7,0.05133282896900951
GVA,Full,HistGradientBoosting,2024-08-01,1.1,0.4116185730545602
GVA,Full,HistGradientBoosting,2024-09-01,1.0,1.0730246239492707
GVA,Full,HistGradientBoosting,2024-10-01,1.5,0.46383584561611085
GVA,Full,HistGradientBoosting,2024-11-01,1.3,1.6377589855077894
GVA,Full,HistGradientBoosting,2024-12-01,2.0,1.4900701771533507
GVA,Full,HistGradientBoosting,2025-01-01,1.5,1.7230962387648239
GVA,Full,HistGradientBoosting,2025-02-01,1.6,1.843543718661354
GVA,Full,HistGradientBoosting,2025-03-01,1.5,1.6681290086400145
GVA,Full,HistGradientBoosting,2025-04-01,1.2,1.5888471444548518
GVA,Full,XGBoost,2021-01-01,-9.7,-11.146797180175781
GVA,Full,XGBoost,2021-02-01,-8.6,-9.363218307495117
GVA,Full,XGBoost,2021-03-01,1.8,-10.380332946777344
GVA,Full,XGBoost,2021-04-01,30.0,2.8722212314605713
GVA,Full,XGBoost,2021-05-01,29.1,4.613807201385498
GVA,Full,XGBoost,2021-06-01,19.2,3.204362392425537
GVA,Full,XGBoost,2021-07-01,11.3,2.4521172046661377
GVA,Full,XGBoost,2021-08-01,8.5,3.170335292816162
GVA,Full,XGBoost,2021-09-01,7.7,3.2624175548553467
GVA,Full,XGBoost,2021-10-01,7.5,3.139214277267456
GVA,Full,XGBoost,2021-11-01,10.4,3.302983522415161
GVA,Full,XGBoost,2021-12-01,8.3,3.2983012199401855
GVA,Full,XGBoost,2022-01-01,12.6,3.170335292816162
GVA,Full,XGBoost,2022-02-01,11.7,3.2375545501708984
GVA,Full,XGBoost,2022-03-01,8.5,3.123171806335449
GVA,Full,XGBoost,2022-04-01,5.4,2.882188320159912
GVA,Full,XGBoost,2022-05-01,4.4,3.2624175548553467
GVA,Full,XGBoost,2022-06-01,2.8,3.2624175548553467
GVA,Full,XGBoost,2022-07-01,3.7,2.9343557357788086
GVA,Full,XGBoost,2022-08-01,2.7,2.8311960697174072
GVA,Full,XGBoost,2022-09-01,1.4,0.07404889166355133
GVA,Full,XGBoost,2022-10-01,2.2,1.0032371282577515
GVA,Full,XGBoost,2022-11-01,1.7,1.3437925577163696
GVA,Full,XGBoost,2022-12-01,1.4,2.3061060905456543
GVA,Full,XGBoost,2023-01-01,1.2,-1.2686994075775146
GVA,Full,XGBoost,2023-02-01,1.0,0.4155907928943634
GVA,Full,XGBoost,2023-03-01,0.6,0.6500427722930908
GVA,Full,XGBoost,2023-04-01,0.6,0.21880045533180237
GVA,Full,XGBoost,2023-05-01,-0.2,-0.42594006657600403
GVA,Full,XGBoost,2023-06-01,1.1,-3.5861175060272217
GVA,Full,XGBoost,2023-07-01,0.2,-1.9402035474777222
GVA,Full,XGBoost,2023-08-01,0.1,1.2570606470108032
GVA,Full,XGBoost,2023-09-01,0.8,0.4415908753871918
GVA,Full,XGBoost,2023-10-01,-0.5,0.3636154532432556
GVA,Full,XGBoost,2023-11-01,-0.3,0.41001754999160767
GVA,Full,XGBoost,2023-12-01,-0.1,0.0786643922328949
GVA,Full,XGBoost,2024-01-01,0.0,-2.687415361404419
GVA,Full,XGBoost,2024-02-01,0.0,-0.523068904876709
GVA,Full,XGBoost,2024-03-01,0.7,0.3508138060569763
GVA,Full,XGBoost,2024-04-01,0.6,0.3297758996486664
GVA,Full,XGBoost,2024-05-01,1.2,0.35885289311408997
GVA,Full,XGBoost,2024-06-01,0.4,1.3018620014190674
GVA,Full,XGBoost,2024-07-01,0.7,-0.3318330943584442
GVA,Full,XGBoost,2024-08-01,1.1,-0.02755190059542656
GVA,Full,XGBoost,2024-09-01,1.0,0.8177321553230286
GVA,Full,XGBoost,2024-10-01,1.5,-1.443194031715393
GVA,Full,XGBoost,2024-11-01,1.3,1.774989366531372
GVA,Full,XGBoost,2024-12-01,2.0,1.4628785848617554
GVA,Full,XGBoost,2025-01-01,1.5,1.9222215414047241
GVA,Full,XGBoost,2025-02-01,1.6,1.872988224029541
GVA,Full,XGBoost,2025-03-01,1.5,1.4925050735473633
GVA,Full,XGBoost,2025-04-01,1.2,1.7137278318405151
Retail,AR-only,Naive,2021-01-01,-8.01956245635047,0.6442728222198824
Retail,AR-only,Naive,2021-02-01,1.185784645078325,0.6442728222198824
Retail,AR-only,Naive,2021-03-01,3.2853196187187628,0.6442728222198824
Retail,AR-only,Naive,2021-04-01,8.121195656442026,0.6442728222198824
Retail,AR-only,Naive,2021-05-01,-2.6644560222445435,0.6442728222198824
Retail,AR-only,Naive,2021-06-01,0.3593894254589003,0.6442728222198824
Retail,AR-only,Naive,2021-07-01,-2.543279677300969,0.6442728222198824
Retail,AR-only,Naive,2021-08-01,0.27560881019796923,0.6442728222198824
Retail,AR-only,Naive,2021-09-01,-0.18365478073008035,0.6442728222198824
Retail,AR-only,Naive,2021-10-01,0.458506076065035,0.6442728222198824
Retail,AR-only,Naive,2021-11-01,-0.7346222201978669,0.6442728222198824
Retail,AR-only,Naive,2021-12-01,0.0,0.6442728222198824
Retail,AR-only,Naive,2022-01-01,-0.7400588818171627,0.6442728222198824
Retail,AR-only,Naive,2022-02-01,-1.402547535450438,0.6442728222198824
Retail,AR-only,Naive,2022-03-01,-0.6613155891717071,0.6442728222198824
Retail,AR-only,Naive,2022-04-01,-0.7611835039630144,0.6442728222198824
Retail,AR-only,Naive,2022-05-01,-1.5399726853576823,0.6442728222198824
Retail,AR-only,Naive,2022-06-01,0.0,0.6442728222198824
Retail,AR-only,Naive,2022-07-01,0.5802724212567334,0.6442728222198824
Retail,AR-only,Naive,2022-08-01,-1.8492011119059626,0.6442728222198824
Retail,AR-only,Naive,2022-09-01,-1.185784645078325,0.6442728222198824
Retail,AR-only,Naive,2022-10-01,0.7920833491444235,0.6442728222198824
Retail,AR-only,Naive,2022-11-01,-0.7920833491444235,0.6442728222198824
Retail,AR-only,Naive,2022-12-01,-0.09945301665084116,0.6442728222198824
Retail,AR-only,Naive,2023-01-01,-0.09955202415010689,0.6442728222198824
Retail,AR-only,Naive,2023-02-01,0.9910883899453715,0.6442728222198824
Retail,AR-only,Naive,2023-03-01,-1.290340483590846,0.6442728222198824
Retail,AR-only,Naive,2023-04-01,1.487384882320697,0.6442728222198824
Retail,AR-only,Naive,2023-05-01,-1.0885807645251155,0.6442728222198824
Retail,AR-only,Naive,2023-06-01,0.6941029354234907,0.6442728222198824
Retail,AR-only,Naive,2023-07-01,-1.2929071198857223,0.6442728222198824
Retail,AR-only,Naive,2023-08-01,0.0,0.6442728222198824
Retail,AR-only,Naive,2023-09-01,-1.3098424045918655,0.6442728222198824
Retail,AR-only,Naive,2023-10-01,0.8080852053939047,0.6442728222198824
Retail,AR-only,Naive,2023-11-01,1.4977813697035103,0.6442728222198824
Retail,AR-only,Naive,2023-12-01,-4.045040846284298,0.6442728222198824
Retail,AR-only,Naive,2024-01-01,2.948866442069775,0.6442728222198824
Retail,AR-only,Naive,2024-02-01,0.49975116504716866,0.6442728222198824
Retail,AR-only,Naive,2024-03-01,-0.9013581305361562,0.6442728222198824
Retail,AR-only,Naive,2024-04-01,-1.011130960432105,0.6442728222198824
Retail,AR-only,Naive,2024-05-01,2.6079712783052322,0.6442728222198824
Retail,AR-only,Naive,2024-06-01,-1.8991075505317312,0.6442728222198824
Retail,AR-only,Naive,2024-07-01,1.1038747314821684,0.6442728222198824
Retail,AR-only,Naive,2024-08-01,0.39840690148746916,0.6442728222198824
Retail,AR-only,Naive,2024-09-01,0.09935420588780275,0.6442728222198824
Retail,AR-only,Naive,2024-10-01,-0.9980122756724441,0.6442728222198824
Retail,AR-only,Naive,2024-11-01,0.2004008686715686,0.6442728222198824
Retail,AR-only,Naive,2024-12-01,0.20000006666665016,0.6442728222198824
Retail,AR-only,Naive,2025-01-01,-1.4084739881738528,0.6442728222198824
Retail,AR-only,Naive,2025-02-01,2.303557040182369,0.6442728222198824
Retail,AR-only,Naive,2025-03-01,1.1811160928344222,0.6442728222198824
Retail,AR-only,Naive,2025-04-01,-0.19588644853332227,0.6442728222198824
Retail,AR-only,SeasonalNaive,2021-01-01,-8.01956245635047,0.09666506310948009
Retail,AR-only,SeasonalNaive,2021-02-01,1.185784645078325,-0.5813969865419821
Retail,AR-only,SeasonalNaive,2021-03-01,3.2853196187187628,-4.981109330353917
Retail,AR-only,SeasonalNaive,2021-04-01,8.121195656442026,-15.551354204842749
Retail,AR-only,SeasonalNaive,2021-05-01,-2.6644560222445435,10.952842880660452
Retail,AR-only,SeasonalNaive,2021-06-01,0.3593894254589003,11.218211533618128
Retail,AR-only,SeasonalNaive,2021-07-01,-2.543279677300969,3.291317301433949
Retail,AR-only,SeasonalNaive,2021-08-01,0.27560881019796923,1.4692642636022768
Retail,AR-only,SeasonalNaive,2021-09-01,-0.18365478073008035,1.5377960211998776
Retail,AR-only,SeasonalNaive,2021-10-01,0.458506076065035,0.8046534251214155
Retail,AR-only,SeasonalNaive,2021-11-01,-0.7346222201978669,-3.6268707737453276
Retail,AR-only,SeasonalNaive,2021-12-01,0.0,0.6442728222198824
Retail,AR-only,SeasonalNaive,2022-01-01,-0.7400588818171627,-8.01956245635047
Retail,AR-only,SeasonalNaive,2022-02-01,-1.402547535450438,1.185784645078325
Retail,AR-only,SeasonalNaive,2022-03-01,-0.6613155891717071,3.2853196187187628
Retail,AR-only,SeasonalNaive,2022-04-01,-0.7611835039630144,8.121195656442026
Retail,AR-only,SeasonalNaive,2022-05-01,-1.5399726853576823,-2.6644560222445435
Retail,AR-only,SeasonalNaive,2022-06-01,0.0,0.3593894254589003
Retail,AR-only,SeasonalNaive,2022-07-01,0.5802724212567334,-2.543279677300969
Retail,AR-only,SeasonalNaive,2022-08-01,-1.8492011119059626,0.27560881019796923
Retail,AR-only,SeasonalNaive,2022-09-01,-1.185784645078325,-0.18365478073008035
Retail,AR-only,SeasonalNaive,2022-10-01,0.7920833491444235,0.458506076065035
Retail,AR-only,SeasonalNaive,2022-11-01,-0.7920833491444235,-0.7346222201978669
Retail,AR-only,SeasonalNaive,2022-12-01,-0.09945301665084116,0.0
Retail,AR-only,SeasonalNaive,2023-01-01,-0.09955202415010689,-0.7400588818171627
Retail,AR-only,SeasonalNaive,2023-02-01,0.9910883899453715,-1.402547535450438
Retail,AR-only,SeasonalNaive,2023-03-01,-1.290340483590846,-0.6613155891717071
Retail,AR-only,SeasonalNaive,2023-04-01,1.487384882320697,-0.7611835039630144
Retail,AR-only,SeasonalNaive,2023-05-01,-1.0885807645251155,-1.5399726853576823
Retail,AR-only,SeasonalNaive,2023-06-01,0.6941029354234907,0.0
Retail,AR-only,SeasonalNaive,2023-07-01,-1.2929071198857223,0.5802724212567334
Retail,AR-only,SeasonalNaive,2023-08-01,0.0,-1.8492011119059626
Retail,AR-only,SeasonalNaive,2023-09-01,-1.3098424045918655,-1.185784645078325
Retail,AR-only,SeasonalNaive,2023-10-01,0.8080852053939047,0.7920833491444235
Retail,AR-only,SeasonalNaive,2023-11-01,1.4977813697035103,-0.7920833491444235
Retail,AR-only,SeasonalNaive,2023-12-01,-4.045040846284298,-0.09945301665084116
Retail,AR-only,SeasonalNaive,2024-01-01,2.948866442069775,-0.09955202415010689
Retail,AR-only,SeasonalNaive,2024-02-01,0.49975116504716866,0.9910883899453715
Retail,AR-only,SeasonalNaive,2024-03-01,-0.9013581305361562,-1.290340483590846
Retail,AR-only,SeasonalNaive,2024-04-01,-1.011130960432105,1.487384882320697
Retail,AR-only,SeasonalNaive,2024-05-01,2.6079712783052322,-1.0885807645251155
Retail,AR-only,SeasonalNaive,2024-06-01,-1.8991075505317312,0.6941029354234907
Retail,AR-only,SeasonalNaive,2024-07-01,1.1038747314821684,-1.2929071198857223
Retail,AR-only,SeasonalNaive,2024-08-01,0.39840690148746916,0.0
Retail,AR-only,SeasonalNaive,2024-09-01,0.09935420588780275,-1.3098424045918655
Retail,AR-only,SeasonalNaive,2024-10-01,-0.9980122756724441,0.8080852053939047
Retail,AR-only,SeasonalNaive,2024-11-01,0.2004008686715686,1.4977813697035103
Retail,AR-only,SeasonalNaive,2024-12-01,0.20000006666665016,-4.045040846284298
Retail,AR-only,SeasonalNaive,2025-01-01,-1.4084739881738528,2.948866442069775
Retail,AR-only,SeasonalNaive,2025-02-01,2.303557040182369,0.49975116504716866
Retail,AR-only,SeasonalNaive,2025-03-01,1.1811160928344222,-0.9013581305361562
Retail,AR-only,SeasonalNaive,2025-04-01,-0.19588644853332227,-1.011130960432105
Retail,AR-only,Ridge,2021-01-01,-8.01956245635047,0.9156483188836343
Retail,AR-only,Ridge,2021-02-01,1.185784645078325,0.5186809501208102
Retail,AR-only,Ridge,2021-03-01,3.2853196187187628,1.8667154345408339
Retail,AR-only,Ridge,2021-04-01,8.121195656442026,0.5886245290255009
Retail,AR-only,Ridge,2021-05-01,-2.6644560222445435,-0.7309483805865158
Retail,AR-only,Ridge,2021-06-01,0.3593894254589003,-1.7721860313647946
Retail,AR-only,Ridge,2021-07-01,-2.543279677300969,0.08792346685655181
Retail,AR-only,Ridge,2021-08-01,0.27560881019796923,0.4064195570811221
Retail,AR-only,Ridge,2021-09-01,-0.18365478073008035,0.7263864894546084
Retail,AR-only,Ridge,2021-10-01,0.458506076065035,0.3747297689177568
Retail,AR-only,Ridge,2021-11-01,-0.7346222201978669,0.22211189936652326
Retail,AR-only,Ridge,2021-12-01,0.0,0.14291408757052804
Retail,AR-only,Ridge,2022-01-01,-0.7400588818171627,0.332844115061243
Retail,AR-only,Ridge,2022-02-01,-1.402547535450438,0.28886460967343164
Retail,AR-only,Ridge,2022-03-01,-0.6613155891717071,0.39660174919309754
Retail,AR-only,Ridge,2022-04-01,-0.7611835039630144,0.5901928472296393
Retail,AR-only,Ridge,2022-05-01,-1.5399726853576823,0.48876512536756966
Retail,AR-only,Ridge,2022-06-01,0.0,0.4599500191135477
Retail,AR-only,Ridge,2022-07-01,0.5802724212567334,0.6105672214212203
Retail,AR-only,Ridge,2022-08-01,-1.8492011119059626,0.3356350821354079
Retail,AR-only,Ridge,2022-09-01,-1.185784645078325,0.11959263323952796
Retail,AR-only,Ridge,2022-10-01,0.7920833491444235,0.5823689187150719
Retail,AR-only,Ridge,2022-11-01,-0.7920833491444235,0.6139967971365898
Retail,AR-only,Ridge,2022-12-01,-0.09945301665084116,0.157626576023154
Retail,AR-only,Ridge,2023-01-01,-0.09955202415010689,0.3183831766044287
Retail,AR-only,Ridge,2023-02-01,0.9910883899453715,0.3045098542259982
Retail,AR-only,Ridge,2023-03-01,-1.290340483590846,0.22714756549945042
Retail,AR-only,Ridge,2023-04-01,1.487384882320697,0.030259803851177255
Retail,AR-only,Ridge,2023-05-01,-1.0885807645251155,0.38224179608880926
Retail,AR-only,Ridge,2023-06-01,0.6941029354234907,0.021706671305667113
Retail,AR-only,Ridge,2023-07-01,-1.2929071198857223,0.3096104784227117
Retail,AR-only,Ridge,2023-08-01,0.0,0.17879102701912547
Retail,AR-only,Ridge,2023-09-01,-1.3098424045918655,0.432996803321564
Retail,AR-only,Ridge,2023-10-01,0.8080852053939047,0.34607554353363545
Retail,AR-only,Ridge,2023-11-01,1.4977813697035103,0.4824613639162574
Retail,AR-only,Ridge,2023-12-01,-4.045040846284298,0.12655604999014156
Retail,AR-only,Ridge,2024-01-01,2.948866442069775,-0.1104742966043982
Retail,AR-only,Ridge,2024-02-01,0.49975116504716866,0.908053361806093
Retail,AR-only,Ridge,2024-03-01,-0.9013581305361562,-0.08431848443425985
Retail,AR-only,Ridge,2024-04-01,-1.011130960432105,-0.13083289265757256
Retail,AR-only,Ridge,2024-05-01,2.6079712783052322,0.38212110387501996
Retail,AR-only,Ridge,2024-06-01,-1.8991075505317312,0.46507281045009086
Retail,AR-only,Ridge,2024-07-01,1.1038747314821684,-0.23004950793727777
Retail,AR-only,Ridge,2024-08-01,0.39840690148746916,0.3816547521831035
Retail,AR-only,Ridge,2024-09-01,0.09935420588780275,0.13152620034465376
Retail,AR-only,Ridge,2024-10-01,-0.9980122756724441,0.031934612655338035
Retail,AR-only,Ridge,2024-11-01,0.2004008686715686,0.17495808767050205
Retail,AR-only,Ridge,2024-12-01,0.20000006666665016,0.4169323485967671
Retail,AR-only,Ridge,2025-01-01,-1.4084739881738528,0.25250101731519325
Retail,AR-only,Ridge,2025-02-01,2.303557040182369,0.17704314589305775
Retail,AR-only,Ridge,2025-03-01,1.1811160928344222,0.46166094272468716
Retail,AR-only,Ridge,2025-04-01,-0.19588644853332227,-0.18192964408399412
Retail,AR-only,ElasticNet,2021-01-01,-8.01956245635047,0.7926345113667776
Retail,AR-only,ElasticNet,2021-02-01,1.185784645078325,0.3042394043580301
Retail,AR-only,ElasticNet,2021-03-01,3.2853196187187628,1.5786476976983608
Retail,AR-only,ElasticNet,2021-04-01,8.121195656442026,0.4726878829368766
Retail,AR-only,ElasticNet,2021-05-01,-2.6644560222445435,-0.45195226025249313
Retail,AR-only,ElasticNet,2021-06-01,0.3593894254589003,-1.432905906259448
Retail,AR-only,ElasticNet,2021-07-01,-2.543279677300969,0.1825539539024621
Retail,AR-only,ElasticNet,2021-08-01,0.27560881019796923,0.29671488109234867
Retail,AR-only,ElasticNet,2021-09-01,-0.18365478073008035,0.6278956365405327
Retail,AR-only,ElasticNet,2021-10-01,0.458506076065035,0.304235374217091
Retail,AR-only,ElasticNet,2021-11-01,-0.7346222201978669,0.21589138192478038
Retail,AR-only,ElasticNet,2021-12-01,0.0,0.1300131916793578
Retail,AR-only,ElasticNet,2022-01-01,-0.7400588818171627,0.3022713283812234
Retail,AR-only,ElasticNet,2022-02-01,-1.402547535450438,0.24418259646810175
Retail,AR-only,ElasticNet,2022-03-01,-0.6613155891717071,0.3308046075492748
Retail,AR-only,ElasticNet,2022-04-01,-0.7611835039630144,0.4923971635729359
Retail,AR-only,ElasticNet,2022-05-01,-1.5399726853576823,0.4012300506039085
Retail,AR-only,ElasticNet,2022-06-01,0.0,0.3743066022447283
Retail,AR-only,ElasticNet,2022-07-01,0.5802724212567334,0.5179561552153972
Retail,AR-only,ElasticNet,2022-08-01,-1.8492011119059626,0.2926125844428268
Retail,AR-only,ElasticNet,2022-09-01,-1.185784645078325,0.09744795352631705
Retail,AR-only,ElasticNet,2022-10-01,0.7920833491444235,0.4919406435949716
Retail,AR-only,ElasticNet,2022-11-01,-0.7920833491444235,0.5207848724256336
Retail,AR-only,ElasticNet,2022-12-01,-0.09945301665084116,0.13131979135387378
Retail,AR-only,ElasticNet,2023-01-01,-0.09955202415010689,0.29236729707257697
Retail,AR-only,ElasticNet,2023-02-01,0.9910883899453715,0.2652154624688621
Retail,AR-only,ElasticNet,2023-03-01,-1.290340483590846,0.22358143163167415
Retail,AR-only,ElasticNet,2023-04-01,1.487384882320697,0.030826525242014055
Retail,AR-only,ElasticNet,2023-05-01,-1.0885807645251155,0.3684625265392394
Retail,AR-only,ElasticNet,2023-06-01,0.6941029354234907,0.014719010254965303
Retail,AR-only,ElasticNet,2023-07-01,-1.2929071198857223,0.30295837912871815
Retail,AR-only,ElasticNet,2023-08-01,0.0,0.14279156205756
Retail,AR-only,ElasticNet,2023-09-01,-1.3098424045918655,0.38677546434670185
Retail,AR-only,ElasticNet,2023-10-01,0.8080852053939047,0.2777552237254635
Retail,AR-only,ElasticNet,2023-11-01,1.4977813697035103,0.43150870816596437
Retail,AR-only,ElasticNet,2023-12-01,-4.045040846284298,0.13595185752291833
Retail,AR-only,ElasticNet,2024-01-01,2.948866442069775,-0.11330792345359825
Retail,AR-only,ElasticNet,2024-02-01,0.49975116504716866,0.8248608479954785
Retail,AR-only,ElasticNet,2024-03-01,-0.9013581305361562,-0.07792995951575499
Retail,AR-only,ElasticNet,2024-04-01,-1.011130960432105,-0.06565159444568977
Retail,AR-only,ElasticNet,2024-05-01,2.6079712783052322,0.32926011167975716
Retail,AR-only,ElasticNet,2024-06-01,-1.8991075505317312,0.43291759079772374
Retail,AR-only,ElasticNet,2024-07-01,1.1038747314821684,-0.20012487939514717
Retail,AR-only,ElasticNet,2024-08-01,0.39840690148746916,0.3788248872996577
Retail,AR-only,ElasticNet,2024-09-01,0.09935420588780275,0.11910935906695205
Retail,AR-only,ElasticNet,2024-10-01,-0.9980122756724441,0.06320921162978083
Retail,AR-only,ElasticNet,2024-11-01,0.2004008686715686,0.1584875956106314
Retail,AR-only,ElasticNet,2024-12-01,0.20000006666665016,0.37042084976427503
Retail,AR-only,ElasticNet,2025-01-01,-1.4084739881738528,0.22460258844024883
Retail,AR-only,ElasticNet,2025-02-01,2.303557040182369,0.15260649835522494
Retail,AR-only,ElasticNet,2025-03-01,1.1811160928344222,0.436913888272788
Retail,AR-only,ElasticNet,2025-04-01,-0.19588644853332227,-0.12242806705857479
Retail,AR-only,HistGradientBoosting,2021-01-01,-8.01956245635047,0.7019644463278518
Retail,AR-only,HistGradientBoosting,2021-02-01,1.185784645078325,0.408715849750917
Retail,AR-only,HistGradientBoosting,2021-03-01,3.2853196187187628,0.7019644463278518
Retail,AR-only,HistGradientBoosting,2021-04-01,8.121195656442026,0.12235791975619709
Retail,AR-only,HistGradientBoosting,2021-05-01,-2.6644560222445435,-0.07756194649315137
Retail,AR-only,HistGradientBoosting,2021-06-01,0.3593894254589003,0.4060037712405282
Retail,AR-only,HistGradientBoosting,2021-07-01,-2.543279677300969,0.7144680208092683
Retail,AR-only,HistGradientBoosting,2021-08-01,0.27560881019796923,0.408715849750917
Retail,AR-only,HistGradientBoosting,2021-09-01,-0.18365478073008035,0.7144680208092683
Retail,AR-only,HistGradientBoosting,2021-10-01,0.458506076065035,0.18338468914285946
Retail,AR-only,HistGradientBoosting,2021-11-01,-0.7346222201978669,0.18339955480975628
Retail,AR-only,HistGradientBoosting,2021-12-01,0.0,0.2270771763083501
Retail,AR-only,HistGradientBoosting,2022-01-01,-0.7400588818171627,-0.12546193901313568
Retail,AR-only,HistGradientBoosting,2022-02-01,-1.402547535450438,0.36189345810111556
Retail,AR-only,HistGradientBoosting,2022-03-01,-0.6613155891717071,-0.32689058346459043
Retail,AR-only,HistGradientBoosting,2022-04-01,-0.7611835039630144,0.7881088133444742
Retail,AR-only,HistGradientBoosting,2022-05-01,-1.5399726853576823,-0.15792933039597756
Retail,AR-only,HistGradientBoosting,2022-06-01,0.0,-0.15792933039597756
Retail,AR-only,HistGradientBoosting,2022-07-01,0.5802724212567334,0.7881088133444742
Retail,AR-only,HistGradientBoosting,2022-08-01,-1.8492011119059626,0.2541597519809622
Retail,AR-only,HistGradientBoosting,2022-09-01,-1.185784645078325,0.2270771763083501
Retail,AR-only,HistGradientBoosting,2022-10-01,0.7920833491444235,0.8011805668247087
Retail,AR-only,HistGradientBoosting,2022-11-01,-0.7920833491444235,0.7756052388630578
Retail,AR-only,HistGradientBoosting,2022-12-01,-0.09945301665084116,0.408715849750917
Retail,AR-only,HistGradientBoosting,2023-01-01,-0.09955202415010689,-0.12546193901313568
Retail,AR-only,HistGradientBoosting,2023-02-01,0.9910883899453715,0.2541597519809622
Retail,AR-only,HistGradientBoosting,2023-03-01,-1.290340483590846,-0.18126526597974557
Retail,AR-only,HistGradientBoosting,2023-04-01,1.487384882320697,0.2270771763083501
Retail,AR-only,HistGradientBoosting,2023-05-01,-1.0885807645251155,0.7019644463278518
Retail,AR-only,HistGradientBoosting,2023-06-01,0.6941029354234907,0.408715849750917
Retail,AR-only,HistGradientBoosting,2023-07-01,-1.2929071198857223,0.7019644463278518
Retail,AR-only,HistGradientBoosting,2023-08-01,0.0,0.408715849750917
Retail,AR-only,HistGradientBoosting,2023-09-01,-1.3098424045918655,0.7144680208092683
Retail,AR-only,HistGradientBoosting,2023-10-01,0.8080852053939047,0.36189345810111556
Retail,AR-only,HistGradientBoosting,2023-11-01,1.4977813697035103,0.6066439857944449
Retail,AR-only,HistGradientBoosting,2023-12-01,-4.045040846284298,0.12235791975619709
Retail,AR-only,HistGradientBoosting,2024-01-01,2.948866442069775,0.4060037712405282
Retail,AR-only,HistGradientBoosting,2024-02-01,0.49975116504716866,0.7019644463278518
Retail,AR-only,HistGradientBoosting,2024-03-01,-0.9013581305361562,0.30098214363076364
Retail,AR-only,HistGradientBoosting,2024-04-01,-1.011130960432105,0.4060037712405282
Retail,AR-only,HistGradientBoosting,2024-05-01,2.6079712783052322,-0.003874089347310705
Retail,AR-only,HistGradientBoosting,2024-06-01,-1.8991075505317312,0.7756052388630578
Retail,AR-only,HistGradientBoosting,2024-07-01,1.1038747314821684,0.408715849750917
Retail,AR-only,HistGradientBoosting,2024-08-01,0.39840690148746916,0.7019644463278518
Retail,AR-only,HistGradientBoosting,2024-09-01,0.09935420588780275,0.30098214363076364
Retail,AR-only,HistGradientBoosting,2024-10-01,-0.9980122756724441,0.0895730068115586
Retail,AR-only,HistGradientBoosting,2024-11-01,0.2004008686715686,0.4060037712405282
Retail,AR-only,HistGradientBoosting,2024-12-01,0.20000006666665016,0.7144680208092683
Retail,AR-only,HistGradientBoosting,2025-01-01,-1.4084739881738528,0.18338468914285946
Retail,AR-only,HistGradientBoosting,2025-02-01,2.303557040182369,0.4060037712405282
Retail,AR-only,HistGradientBoosting,2025-03-01,1.1811160928344222,0.7019644463278518
Retail,AR-only,HistGradientBoosting,2025-04-01,-0.19588644853332227,0.12235791975619709
Retail,AR-only,XGBoost,2021-01-01,-8.01956245635047,2.3573784828186035
Retail,AR-only,XGBoost,2021-02-01,1.185784645078325,0.239837646484375
Retail,AR-only,XGBoost,2021-03-01,3.2853196187187628,2.3352532386779785
Retail,AR-only,XGBoost,2021-04-01,8.121195656442026,0.13167034089565277
Retail,AR-only,XGBoost,2021-05-01,-2.6644560222445435,-0.05292646586894989
Retail,AR-only,XGBoost,2021-06-01,0.3593894254589003,0.13612383604049683
Retail,AR-only,XGBoost,2021-07-01,-2.543279677300969,2.3573784828186035
Retail,AR-only,XGBoost,2021-08-01,0.27560881019796923,0.3207206428050995
Retail,AR-only,XGBoost,2021-09-01,-0.18365478073008035,2.3573784828186035
Retail,AR-only,XGBoost,2021-10-01,0.458506076065035,0.19236871600151062
Retail,AR-only,XGBoost,2021-11-01,-0.7346222201978669,0.007771940901875496
Retail,AR-only,XGBoost,2021-12-01,0.0,0.2751455307006836
Retail,AR-only,XGBoost,2022-01-01,-0.7400588818171627,-0.015868287533521652
Retail,AR-only,XGBoost,2022-02-01,-1.402547535450438,0.4193577766418457
Retail,AR-only,XGBoost,2022-03-01,-0.6613155891717071,0.2515052556991577
Retail,AR-only,XGBoost,2022-04-01,-0.7611835039630144,0.4998128116130829
Retail,AR-only,XGBoost,2022-05-01,-1.5399726853576823,0.43610209226608276
Retail,AR-only,XGBoost,2022-06-01,0.0,0.3957175612449646
Retail,AR-only,XGBoost,2022-07-01,0.5802724212567334,0.42899301648139954
Retail,AR-only,XGBoost,2022-08-01,-1.8492011119059626,0.19236871600151062
Retail,AR-only,XGBoost,2022-09-01,-1.185784645078325,0.2751455307006836
Retail,AR-only,XGBoost,2022-10-01,0.7920833491444235,0.9443213939666748
Retail,AR-only,XGBoost,2022-11-01,-0.7920833491444235,0.4472522437572479
Retail,AR-only,XGBoost,2022-12-01,-0.09945301665084116,0.45974230766296387
Retail,AR-only,XGBoost,2023-01-01,-0.09955202415010689,-0.015868287533521652
Retail,AR-only,XGBoost,2023-02-01,0.9910883899453715,0.15198418498039246
Retail,AR-only,XGBoost,2023-03-01,-1.290340483590846,-0.014353361912071705
Retail,AR-only,XGBoost,2023-04-01,1.487384882320697,0.2751455307006836
Retail,AR-only,XGBoost,2023-05-01,-1.0885807645251155,0.22408238053321838
Retail,AR-only,XGBoost,2023-06-01,0.6941029354234907,0.45974230766296387
Retail,AR-only,XGBoost,2023-07-01,-1.2929071198857223,0.16999104619026184
Retail,AR-only,XGBoost,2023-08-01,0.0,0.45974230766296387
Retail,AR-only,XGBoost,2023-09-01,-1.3098424045918655,0.2847808003425598
Retail,AR-only,XGBoost,2023-10-01,0.8080852053939047,0.45974230766296387
Retail,AR-only,XGBoost,2023-11-01,1.4977813697035103,0.26265549659729004
Retail,AR-only,XGBoost,2023-12-01,-4.045040846284298,0.13167034089565277
Retail,AR-only,XGBoost,2024-01-01,2.948866442069775,0.05524085462093353
Retail,AR-only,XGBoost,2024-02-01,0.49975116504716866,2.296680212020874
Retail,AR-only,XGBoost,2024-03-01,-0.9013581305361562,0.19236871600151062
Retail,AR-only,XGBoost,2024-04-01,-1.011130960432105,0.2751455307006836
Retail,AR-only,XGBoost,2024-05-01,2.6079712783052322,0.2515052556991577
Retail,AR-only,XGBoost,2024-06-01,-1.8991075505317312,0.06764556467533112
Retail,AR-only,XGBoost,2024-07-01,1.1038747314821684,0.45974230766296387
Retail,AR-only,XGBoost,2024-08-01,0.39840690148746916,0.6548225283622742
Retail,AR-only,XGBoost,2024-09-01,0.09935420588780275,0.19236871600151062
Retail,AR-only,XGBoost,2024-10-01,-0.9980122756724441,0.007771940901875496
Retail,AR-only,XGBoost,2024-11-01,0.2004008686715686,0.2751455307006836
Retail,AR-only,XGBoost,2024-12-01,0.20000006666665016,-0.015868287533521652
Retail,AR-only,XGBoost,2025-01-01,-1.4084739881738528,0.19236871600151062
Retail,AR-only,XGBoost,2025-02-01,2.303557040182369,0.2751455307006836
Retail,AR-only,XGBoost,2025-03-01,1.1811160928344222,0.22408238053321838
Retail,AR-only,XGBoost,2025-04-01,-0.19588644853332227,0.17024344205856323
Retail,Energy+AR,Naive,2021-01-01,-8.01956245635047,0.6442728222198824
Retail,Energy+AR,Naive,2021-02-01,1.185784645078325,0.6442728222198824
Retail,Energy+AR,Naive,2021-03-01,3.2853196187187628,0.6442728222198824
Retail,Energy+AR,Naive,2021-04-01,8.121195656442026,0.6442728222198824
Retail,Energy+AR,Naive,2021-05-01,-2.6644560222445435,0.6442728222198824
Retail,Energy+AR,Naive,2021-06-01,0.3593894254589003,0.6442728222198824
Retail,Energy+AR,Naive,2021-07-01,-2.543279677300969,0.6442728222198824
Retail,Energy+AR,Naive,2021-08-01,0.27560881019796923,0.6442728222198824
Retail,Energy+AR,Naive,2021-09-01,-0.18365478073008035,0.6442728222198824
Retail,Energy+AR,Naive,2021-10-01,0.458506076065035,0.6442728222198824
Retail,Energy+AR,Naive,2021-11-01,-0.7346222201978669,0.6442728222198824
Retail,Energy+AR,Naive,2021-12-01,0.0,0.6442728222198824
Retail,Energy+AR,Naive,2022-01-01,-0.7400588818171627,0.6442728222198824
Retail,Energy+AR,Naive,2022-02-01,-1.402547535450438,0.6442728222198824
Retail,Energy+AR,Naive,2022-03-01,-0.6613155891717071,0.6442728222198824
Retail,Energy+AR,Naive,2022-04-01,-0.7611835039630144,0.6442728222198824
Retail,Energy+AR,Naive,2022-05-01,-1.5399726853576823,0.6442728222198824
Retail,Energy+AR,Naive,2022-06-01,0.0,0.6442728222198824
Retail,Energy+AR,Naive,2022-07-01,0.5802724212567334,0.6442728222198824
Retail,Energy+AR,Naive,2022-08-01,-1.8492011119059626,0.6442728222198824
Retail,Energy+AR,Naive,2022-09-01,-1.185784645078325,0.6442728222198824
Retail,Energy+AR,Naive,2022-10-01,0.7920833491444235,0.6442728222198824
Retail,Energy+AR,Naive,2022-11-01,-0.7920833491444235,0.6442728222198824
Retail,Energy+AR,Naive,2022-12-01,-0.09945301665084116,0.6442728222198824
Retail,Energy+AR,Naive,2023-01-01,-0.09955202415010689,0.6442728222198824
Retail,Energy+AR,Naive,2023-02-01,0.9910883899453715,0.6442728222198824
Retail,Energy+AR,Naive,2023-03-01,-1.290340483590846,0.6442728222198824
Retail,Energy+AR,Naive,2023-04-01,1.487384882320697,0.6442728222198824
Retail,Energy+AR,Naive,2023-05-01,-1.0885807645251155,0.6442728222198824
Retail,Energy+AR,Naive,2023-06-01,0.6941029354234907,0.6442728222198824
Retail,Energy+AR,Naive,2023-07-01,-1.2929071198857223,0.6442728222198824
Retail,Energy+AR,Naive,2023-08-01,0.0,0.6442728222198824
Retail,Energy+AR,Naive,2023-09-01,-1.3098424045918655,0.6442728222198824
Retail,Energy+AR,Naive,2023-10-01,0.8080852053939047,0.6442728222198824
Retail,Energy+AR,Naive,2023-11-01,1.4977813697035103,0.6442728222198824
Retail,Energy+AR,Naive,2023-12-01,-4.045040846284298,0.6442728222198824
Retail,Energy+AR,Naive,2024-01-01,2.948866442069775,0.6442728222198824
Retail,Energy+AR,Naive,2024-02-01,0.49975116504716866,0.6442728222198824
Retail,Energy+AR,Naive,2024-03-01,-0.9013581305361562,0.6442728222198824
Retail,Energy+AR,Naive,2024-04-01,-1.011130960432105,0.6442728222198824
Retail,Energy+AR,Naive,2024-05-01,2.6079712783052322,0.6442728222198824
Retail,Energy+AR,Naive,2024-06-01,-1.8991075505317312,0.6442728222198824
Retail,Energy+AR,Naive,2024-07-01,1.1038747314821684,0.6442728222198824
Retail,Energy+AR,Naive,2024-08-01,0.39840690148746916,0.6442728222198824
Retail,Energy+AR,Naive,2024-09-01,0.09935420588780275,0.6442728222198824
Retail,Energy+AR,Naive,2024-10-01,-0.9980122756724441,0.6442728222198824
Retail,Energy+AR,Naive,2024-11-01,0.2004008686715686,0.6442728222198824
Retail,Energy+AR,Naive,2024-12-01,0.20000006666665016,0.6442728222198824
Retail,Energy+AR,Naive,2025-01-01,-1.4084739881738528,0.6442728222198824
Retail,Energy+AR,Naive,2025-02-01,2.303557040182369,0.6442728222198824
Retail,Energy+AR,Naive,2025-03-01,1.1811160928344222,0.6442728222198824
Retail,Energy+AR,Naive,2025-04-01,-0.19588644853332227,0.6442728222198824
Retail,Energy+AR,SeasonalNaive,2021-01-01,-8.01956245635047,0.09666506310948009
Retail,Energy+AR,SeasonalNaive,2021-02-01,1.185784645078325,-0.5813969865419821
Retail,Energy+AR,SeasonalNaive,2021-03-01,3.2853196187187628,-4.981109330353917
Retail,Energy+AR,SeasonalNaive,2021-04-01,8.121195656442026,-15.551354204842749
Retail,Energy+AR,SeasonalNaive,2021-05-01,-2.6644560222445435,10.952842880660452
Retail,Energy+AR,SeasonalNaive,2021-06-01,0.3593894254589003,11.218211533618128
Retail,Energy+AR,SeasonalNaive,2021-07-01,-2.543279677300969,3.291317301433949
Retail,Energy+AR,SeasonalNaive,2021-08-01,0.27560881019796923,1.4692642636022768
Retail,Energy+AR,SeasonalNaive,2021-09-01,-0.18365478073008035,1.5377960211998776
Retail,Energy+AR,SeasonalNaive,2021-10-01,0.458506076065035,0.8046534251214155
Retail,Energy+AR,SeasonalNaive,2021-11-01,-0.7346222201978669,-3.6268707737453276
Retail,Energy+AR,SeasonalNaive,2021-12-01,0.0,0.6442728222198824
Retail,Energy+AR,SeasonalNaive,2022-01-01,-0.7400588818171627,-8.01956245635047
Retail,Energy+AR,SeasonalNaive,2022-02-01,-1.402547535450438,1.185784645078325
Retail,Energy+AR,SeasonalNaive,2022-03-01,-0.6613155891717071,3.2853196187187628
Retail,Energy+AR,SeasonalNaive,2022-04-01,-0.7611835039630144,8.121195656442026
Retail,Energy+AR,SeasonalNaive,2022-05-01,-1.5399726853576823,-2.6644560222445435
Retail,Energy+AR,SeasonalNaive,2022-06-01,0.0,0.3593894254589003
Retail,Energy+AR,SeasonalNaive,2022-07-01,0.5802724212567334,-2.543279677300969
Retail,Energy+AR,SeasonalNaive,2022-08-01,-1.8492011119059626,0.27560881019796923
Retail,Energy+AR,SeasonalNaive,2022-09-01,-1.185784645078325,-0.18365478073008035
Retail,Energy+AR,SeasonalNaive,2022-10-01,0.7920833491444235,0.458506076065035
Retail,Energy+AR,SeasonalNaive,2022-11-01,-0.7920833491444235,-0.7346222201978669
Retail,Energy+AR,SeasonalNaive,2022-12-01,-0.09945301665084116,0.0
Retail,Energy+AR,SeasonalNaive,2023-01-01,-0.09955202415010689,-0.7400588818171627
Retail,Energy+AR,SeasonalNaive,2023-02-01,0.9910883899453715,-1.402547535450438
Retail,Energy+AR,SeasonalNaive,2023-03-01,-1.290340483590846,-0.6613155891717071
Retail,Energy+AR,SeasonalNaive,2023-04-01,1.487384882320697,-0.7611835039630144
Retail,Energy+AR,SeasonalNaive,2023-05-01,-1.0885807645251155,-1.5399726853576823
Retail,Energy+AR,SeasonalNaive,2023-06-01,0.6941029354234907,0.0
Retail,Energy+AR,SeasonalNaive,2023-07-01,-1.2929071198857223,0.5802724212567334
Retail,Energy+AR,SeasonalNaive,2023-08-01,0.0,-1.8492011119059626
Retail,Energy+AR,SeasonalNaive,2023-09-01,-1.3098424045918655,-1.185784645078325
Retail,Energy+AR,SeasonalNaive,2023-10-01,0.8080852053939047,0.7920833491444235
Retail,Energy+AR,SeasonalNaive,2023-11-01,1.4977813697035103,-0.7920833491444235
Retail,Energy+AR,SeasonalNaive,2023-12-01,-4.045040846284298,-0.09945301665084116
Retail,Energy+AR,SeasonalNaive,2024-01-01,2.948866442069775,-0.09955202415010689
Retail,Energy+AR,SeasonalNaive,2024-02-01,0.49975116504716866,0.9910883899453715
Retail,Energy+AR,SeasonalNaive,2024-03-01,-0.9013581305361562,-1.290340483590846
Retail,Energy+AR,SeasonalNaive,2024-04-01,-1.011130960432105,1.487384882320697
Retail,Energy+AR,SeasonalNaive,2024-05-01,2.6079712783052322,-1.0885807645251155
Retail,Energy+AR,SeasonalNaive,2024-06-01,-1.8991075505317312,0.6941029354234907
Retail,Energy+AR,SeasonalNaive,2024-07-01,1.1038747314821684,-1.2929071198857223
Retail,Energy+AR,SeasonalNaive,2024-08-01,0.39840690148746916,0.0
Retail,Energy+AR,SeasonalNaive,2024-09-01,0.09935420588780275,-1.3098424045918655
Retail,Energy+AR,SeasonalNaive,2024-10-01,-0.9980122756724441,0.8080852053939047
Retail,Energy+AR,SeasonalNaive,2024-11-01,0.2004008686715686,1.4977813697035103
Retail,Energy+AR,SeasonalNaive,2024-12-01,0.20000006666665016,-4.045040846284298
Retail,Energy+AR,SeasonalNaive,2025-01-01,-1.4084739881738528,2.948866442069775
Retail,Energy+AR,SeasonalNaive,2025-02-01,2.303557040182369,0.49975116504716866
Retail,Energy+AR,SeasonalNaive,2025-03-01,1.1811160928344222,-0.9013581305361562
Retail,Energy+AR,SeasonalNaive,2025-04-01,-0.19588644853332227,-1.011130960432105
Retail,Energy+AR,Ridge,2021-01-01,-8.01956245635047,0.7754380405987183
Retail,Energy+AR,Ridge,2021-02-01,1.185784645078325,0.7511712064646836
Retail,Energy+AR,Ridge,2021-03-01,3.2853196187187628,1.9678653432599373
Retail,Energy+AR,Ridge,2021-04-01,8.121195656442026,0.6094057094377814
Retail,Energy+AR,Ridge,2021-05-01,-2.6644560222445435,-0.9960303922079023
Retail,Energy+AR,Ridge,2021-06-01,0.3593894254589003,-2.0095970004880717
Retail,Energy+AR,Ridge,2021-07-01,-2.543279677300969,-0.13588922207617624
Retail,Energy+AR,Ridge,2021-08-01,0.27560881019796923,0.23555273425286113
Retail,Energy+AR,Ridge,2021-09-01,-0.18365478073008035,0.5158992500709891
Retail,Energy+AR,Ridge,2021-10-01,0.458506076065035,0.2207365572018849
Retail,Energy+AR,Ridge,2021-11-01,-0.7346222201978669,0.13802361051834813
Retail,Energy+AR,Ridge,2021-12-01,0.0,0.07661420025741504
Retail,Energy+AR,Ridge,2022-01-01,-0.7400588818171627,-0.02863229888187857
Retail,Energy+AR,Ridge,2022-02-01,-1.402547535450438,-0.22433924048929657
Retail,Energy+AR,Ridge,2022-03-01,-0.6613155891717071,0.3733250853110227
Retail,Energy+AR,Ridge,2022-04-01,-0.7611835039630144,0.61924595997619
Retail,Energy+AR,Ridge,2022-05-01,-1.5399726853576823,0.21369315278297846
Retail,Energy+AR,Ridge,2022-06-01,0.0,-0.42121380782450746
Retail,Energy+AR,Ridge,2022-07-01,0.5802724212567334,0.3942868249663882
Retail,Energy+AR,Ridge,2022-08-01,-1.8492011119059626,0.08595391475967704
Retail,Energy+AR,Ridge,2022-09-01,-1.185784645078325,-0.8187392651703614
Retail,Energy+AR,Ridge,2022-10-01,0.7920833491444235,0.25695552807813926
Retail,Energy+AR,Ridge,2022-11-01,-0.7920833491444235,0.987264829598973
Retail,Energy+AR,Ridge,2022-12-01,-0.09945301665084116,0.20959228047424255
Retail,Energy+AR,Ridge,2023-01-01,-0.09955202415010689,0.23830411644876312
Retail,Energy+AR,Ridge,2023-02-01,0.9910883899453715,0.392096427007924
Retail,Energy+AR,Ridge,2023-03-01,-1.290340483590846,0.44671401184043447
Retail,Energy+AR,Ridge,2023-04-01,1.487384882320697,0.33398014521917474
Retail,Energy+AR,Ridge,2023-05-01,-1.0885807645251155,0.39408442835212487
Retail,Energy+AR,Ridge,2023-06-01,0.6941029354234907,0.0711388706787868
Retail,Energy+AR,Ridge,2023-07-01,-1.2929071198857223,0.4730871551774464
Retail,Energy+AR,Ridge,2023-08-01,0.0,0.7593827434706242
Retail,Energy+AR,Ridge,2023-09-01,-1.3098424045918655,1.0009220913663368
Retail,Energy+AR,Ridge,2023-10-01,0.8080852053939047,0.4588018217497677
Retail,Energy+AR,Ridge,2023-11-01,1.4977813697035103,0.2476195692006285
Retail,Energy+AR,Ridge,2023-12-01,-4.045040846284298,0.05590401542034196
Retail,Energy+AR,Ridge,2024-01-01,2.948866442069775,-0.09981987337613488
Retail,Energy+AR,Ridge,2024-02-01,0.49975116504716866,1.020316061972705
Retail,Energy+AR,Ridge,2024-03-01,-0.9013581305361562,0.2810755130975652
Retail,Energy+AR,Ridge,2024-04-01,-1.011130960432105,0.11000242866450552
Retail,Energy+AR,Ridge,2024-05-01,2.6079712783052322,0.5008768636976806
Retail,Energy+AR,Ridge,2024-06-01,-1.8991075505317312,0.6358723056672374
Retail,Energy+AR,Ridge,2024-07-01,1.1038747314821684,-0.2955418802394383
Retail,Energy+AR,Ridge,2024-08-01,0.39840690148746916,0.24861697857214837
Retail,Energy+AR,Ridge,2024-09-01,0.09935420588780275,0.18706280225654176
Retail,Energy+AR,Ridge,2024-10-01,-0.9980122756724441,-0.03832087894694053
Retail,Energy+AR,Ridge,2024-11-01,0.2004008686715686,0.4216861669905396
Retail,Energy+AR,Ridge,2024-12-01,0.20000006666665016,1.0451820112692234
Retail,Energy+AR,Ridge,2025-01-01,-1.4084739881738528,0.5524472735363051
Retail,Energy+AR,Ridge,2025-02-01,2.303557040182369,0.16388319322276057
Retail,Energy+AR,Ridge,2025-03-01,1.1811160928344222,0.43950313525677454
Retail,Energy+AR,Ridge,2025-04-01,-0.19588644853332227,-0.25489714819561426
Retail,Energy+AR,ElasticNet,2021-01-01,-8.01956245635047,0.7006830910512808
Retail,Energy+AR,ElasticNet,2021-02-01,1.185784645078325,0.18771620823457238
Retail,Energy+AR,ElasticNet,2021-03-01,3.2853196187187628,1.3432265314599687
Retail,Energy+AR,ElasticNet,2021-04-01,8.121195656442026,0.20901020783601276
Retail,Energy+AR,ElasticNet,2021-05-01,-2.6644560222445435,-0.3312274687351259
Retail,Energy+AR,ElasticNet,2021-06-01,0.3593894254589003,-1.0916809098130391
Retail,Energy+AR,ElasticNet,2021-07-01,-2.543279677300969,0.3729556197494961
Retail,Energy+AR,ElasticNet,2021-08-01,0.27560881019796923,0.19930747370501384
Retail,Energy+AR,ElasticNet,2021-09-01,-0.18365478073008035,0.5463149087996607
Retail,Energy+AR,ElasticNet,2021-10-01,0.458506076065035,0.207199367939973
Retail,Energy+AR,ElasticNet,2021-11-01,-0.7346222201978669,0.20508268166753654
Retail,Energy+AR,ElasticNet,2021-12-01,0.0,0.12587837354268744
Retail,Energy+AR,ElasticNet,2022-01-01,-0.7400588818171627,0.27322839751524686
Retail,Energy+AR,ElasticNet,2022-02-01,-1.402547535450438,0.18967744252736912
Retail,Energy+AR,ElasticNet,2022-03-01,-0.6613155891717071,0.29794798731491534
Retail,Energy+AR,ElasticNet,2022-04-01,-0.7611835039630144,0.4147222321681431
Retail,Energy+AR,ElasticNet,2022-05-01,-1.5399726853576823,0.3147563776862725
Retail,Energy+AR,ElasticNet,2022-06-01,0.0,0.27565094819069536
Retail,Energy+AR,ElasticNet,2022-07-01,0.5802724212567334,0.42230792257836547
Retail,Energy+AR,ElasticNet,2022-08-01,-1.8492011119059626,0.22066232808655412
Retail,Energy+AR,ElasticNet,2022-09-01,-1.185784645078325,0.08027289209868917
Retail,Energy+AR,ElasticNet,2022-10-01,0.7920833491444235,0.4355384389770953
Retail,Energy+AR,ElasticNet,2022-11-01,-0.7920833491444235,0.43016683236432474
Retail,Energy+AR,ElasticNet,2022-12-01,-0.09945301665084116,0.11253661651532944
Retail,Energy+AR,ElasticNet,2023-01-01,-0.09955202415010689,0.28114308777086194
Retail,Energy+AR,ElasticNet,2023-02-01,0.9910883899453715,0.21606883852403078
Retail,Energy+AR,ElasticNet,2023-03-01,-1.290340483590846,0.22356613620575322
Retail,Energy+AR,ElasticNet,2023-04-01,1.487384882320697,0.06114945595692717
Retail,Energy+AR,ElasticNet,2023-05-01,-1.0885807645251155,0.35904911587438937
Retail,Energy+AR,ElasticNet,2023-06-01,0.6941029354234907,0.010237998323709696
Retail,Energy+AR,ElasticNet,2023-07-01,-1.2929071198857223,0.32031537595600246
Retail,Energy+AR,ElasticNet,2023-08-01,0.0,0.13245237789375536
Retail,Energy+AR,ElasticNet,2023-09-01,-1.3098424045918655,0.3827931302034765
Retail,Energy+AR,ElasticNet,2023-10-01,0.8080852053939047,0.22290484774774424
Retail,Energy+AR,ElasticNet,2023-11-01,1.4977813697035103,0.36705662941551087
Retail,Energy+AR,ElasticNet,2023-12-01,-4.045040846284298,0.08913693143012026
Retail,Energy+AR,ElasticNet,2024-01-01,2.948866442069775,-0.06078829538607222
Retail,Energy+AR,ElasticNet,2024-02-01,0.49975116504716866,0.7514627594872535
Retail,Energy+AR,ElasticNet,2024-03-01,-0.9013581305361562,-0.1240639838172061
Retail,Energy+AR,ElasticNet,2024-04-01,-1.011130960432105,0.050141639027795254
Retail,Energy+AR,ElasticNet,2024-05-01,2.6079712783052322,0.3017950455071776
Retail,Energy+AR,ElasticNet,2024-06-01,-1.8991075505317312,0.3532327431541902
Retail,Energy+AR,ElasticNet,2024-07-01,1.1038747314821684,-0.17413578953181955
Retail,Energy+AR,ElasticNet,2024-08-01,0.39840690148746916,0.4042720388274438
Retail,Energy+AR,ElasticNet,2024-09-01,0.09935420588780275,0.08629249714183888
Retail,Energy+AR,ElasticNet,2024-10-01,-0.9980122756724441,0.10625868793553131
Retail,Energy+AR,ElasticNet,2024-11-01,0.2004008686715686,0.17104847093458986
Retail,Energy+AR,ElasticNet,2024-12-01,0.20000006666665016,0.347789147906566
Retail,Energy+AR,ElasticNet,2025-01-01,-1.4084739881738528,0.19180592070876565
Retail,Energy+AR,ElasticNet,2025-02-01,2.303557040182369,0.15169962407069829
Retail,Energy+AR,ElasticNet,2025-03-01,1.1811160928344222,0.3852343645443258
Retail,Energy+AR,ElasticNet,2025-04-01,-0.19588644853332227,-0.11648015403896475
Retail,Energy+AR,HistGradientBoosting,2021-01-01,-8.01956245635047,0.5086826285347393
Retail,Energy+AR,HistGradientBoosting,2021-02-01,1.185784645078325,0.12760703539745105
Retail,Energy+AR,HistGradientBoosting,2021-03-01,3.2853196187187628,0.45998167480988855
Retail,Energy+AR,HistGradientBoosting,2021-04-01,8.121195656442026,-0.061609224762139446
Retail,Energy+AR,HistGradientBoosting,2021-05-01,-2.6644560222445435,-0.0271896357092238
Retail,Energy+AR,HistGradientBoosting,2021-06-01,0.3593894254589003,0.1620266244503667
Retail,Energy+AR,HistGradientBoosting,2021-07-01,-2.543279677300969,0.5086826285347393
Retail,Energy+AR,HistGradientBoosting,2021-08-01,0.27560881019796923,0.11253187885990955
Retail,Energy+AR,HistGradientBoosting,2021-09-01,-0.18365478073008035,0.5237577850722808
Retail,Energy+AR,HistGradientBoosting,2021-10-01,0.458506076065035,0.12760703539745105
Retail,Energy+AR,HistGradientBoosting,2021-11-01,-0.7346222201978669,0.14308101210044344
Retail,Energy+AR,HistGradientBoosting,2021-12-01,0.0,0.11253187885990955
Retail,Energy+AR,HistGradientBoosting,2022-01-01,-0.7400588818171627,0.09547293578700833
Retail,Energy+AR,HistGradientBoosting,2022-02-01,-1.402547535450438,0.1314774912098328
Retail,Energy+AR,HistGradientBoosting,2022-03-01,-0.6613155891717071,0.06105334673409271
Retail,Energy+AR,HistGradientBoosting,2022-04-01,-0.7611835039630144,0.49320865183174695
Retail,Energy+AR,HistGradientBoosting,2022-05-01,-1.5399726853576823,0.06105334673409271
Retail,Energy+AR,HistGradientBoosting,2022-06-01,0.0,0.07999895908401594
Retail,Energy+AR,HistGradientBoosting,2022-07-01,0.5802724212567334,0.49320865183174695
Retail,Energy+AR,HistGradientBoosting,2022-08-01,-1.8492011119059626,0.11253187885990955
Retail,Energy+AR,HistGradientBoosting,2022-09-01,-1.185784645078325,-0.10749966528303023
Retail,Energy+AR,HistGradientBoosting,2022-10-01,0.7920833491444235,0.5173583150260523
Retail,Energy+AR,HistGradientBoosting,2022-11-01,-0.7920833491444235,0.899802099371796
Retail,Energy+AR,HistGradientBoosting,2022-12-01,-0.09945301665084116,0.519125326399959
Retail,Energy+AR,HistGradientBoosting,2023-01-01,-0.09955202415010689,-0.16244983305577793
Retail,Energy+AR,HistGradientBoosting,2023-02-01,0.9910883899453715,-0.14152043417049498
Retail,Energy+AR,HistGradientBoosting,2023-03-01,-1.290340483590846,0.519125326399959
Retail,Energy+AR,HistGradientBoosting,2023-04-01,1.487384882320697,0.519125326399959
Retail,Energy+AR,HistGradientBoosting,2023-05-01,-1.0885807645251155,0.30919644251653866
Retail,Energy+AR,HistGradientBoosting,2023-06-01,0.6941029354234907,-0.14152043417049498
Retail,Energy+AR,HistGradientBoosting,2023-07-01,-1.2929071198857223,0.899802099371796
Retail,Energy+AR,HistGradientBoosting,2023-08-01,0.0,0.519125326399959
Retail,Energy+AR,HistGradientBoosting,2023-09-01,-1.3098424045918655,0.899802099371796
Retail,Energy+AR,HistGradientBoosting,2023-10-01,0.8080852053939047,0.12760703539745105
Retail,Energy+AR,HistGradientBoosting,2023-11-01,1.4977813697035103,0.46345331045681937
Retail,Energy+AR,HistGradientBoosting,2023-12-01,-4.045040846284298,-0.05293353827082641
Retail,Energy+AR,HistGradientBoosting,2024-01-01,2.948866442069775,-0.11097130092996112
Retail,Energy+AR,HistGradientBoosting,2024-02-01,0.49975116504716866,0.3242715990540802
Retail,Energy+AR,HistGradientBoosting,2024-03-01,-0.9013581305361562,0.519125326399959
Retail,Energy+AR,HistGradientBoosting,2024-04-01,-1.011130960432105,0.14308101210044344
Retail,Energy+AR,HistGradientBoosting,2024-05-01,2.6079712783052322,0.09160247997462659
Retail,Energy+AR,HistGradientBoosting,2024-06-01,-1.8991075505317312,0.319067548209698
Retail,Energy+AR,HistGradientBoosting,2024-07-01,1.1038747314821684,-0.1264452776329535
Retail,Energy+AR,HistGradientBoosting,2024-08-01,0.39840690148746916,0.44490651827234706
Retail,Energy+AR,HistGradientBoosting,2024-09-01,0.09935420588780275,0.519125326399959
Retail,Energy+AR,HistGradientBoosting,2024-10-01,-0.9980122756724441,-0.12604645746750262
Retail,Energy+AR,HistGradientBoosting,2024-11-01,0.2004008686715686,0.13281108624183324
Retail,Energy+AR,HistGradientBoosting,2024-12-01,0.20000006666665016,0.899802099371796
Retail,Energy+AR,HistGradientBoosting,2025-01-01,-1.4084739881738528,0.12760703539745105
Retail,Energy+AR,HistGradientBoosting,2025-02-01,2.303557040182369,0.12800585556290192
Retail,Energy+AR,HistGradientBoosting,2025-03-01,1.1811160928344222,0.3194663683751489
Retail,Energy+AR,HistGradientBoosting,2025-04-01,-0.19588644853332227,0.0487557685975172
Retail,Energy+AR,XGBoost,2021-01-01,-8.01956245635047,1.71578848361969
Retail,Energy+AR,XGBoost,2021-02-01,1.185784645078325,0.054725803434848785
Retail,Energy+AR,XGBoost,2021-03-01,3.2853196187187628,1.7546913623809814
Retail,Energy+AR,XGBoost,2021-04-01,8.121195656442026,0.05342976003885269
Retail,Energy+AR,XGBoost,2021-05-01,-2.6644560222445435,0.06470713019371033
Retail,Energy+AR,XGBoost,2021-06-01,0.3593894254589003,0.0021602706983685493
Retail,Energy+AR,XGBoost,2021-07-01,-2.543279677300969,1.71578848361969
Retail,Energy+AR,XGBoost,2021-08-01,0.27560881019796923,0.015822939574718475
Retail,Energy+AR,XGBoost,2021-09-01,-0.18365478073008035,1.71578848361969
Retail,Energy+AR,XGBoost,2021-10-01,0.458506076065035,0.03669916093349457
Retail,Energy+AR,XGBoost,2021-11-01,-0.7346222201978669,0.023036479949951172
Retail,Energy+AR,XGBoost,2021-12-01,0.0,0.07959876954555511
Retail,Energy+AR,XGBoost,2022-01-01,-0.7400588818171627,0.023036479949951172
Retail,Energy+AR,XGBoost,2022-02-01,-1.402547535450438,0.09326143562793732
Retail,Energy+AR,XGBoost,2022-03-01,-0.6613155891717071,0.07959876954555511
Retail,Energy+AR,XGBoost,2022-04-01,-0.7611835039630144,0.10161685198545456
Retail,Energy+AR,XGBoost,2022-05-01,-1.5399726853576823,0.09326143562793732
Retail,Energy+AR,XGBoost,2022-06-01,0.0,0.09326143562793732
Retail,Energy+AR,XGBoost,2022-07-01,0.5802724212567334,0.1115989163517952
Retail,Energy+AR,XGBoost,2022-08-01,-1.8492011119059626,0.03669916093349457
Retail,Energy+AR,XGBoost,2022-09-01,-1.185784645078325,0.1200760155916214
Retail,Energy+AR,XGBoost,2022-10-01,0.7920833491444235,0.32441505789756775
Retail,Energy+AR,XGBoost,2022-11-01,-0.7920833491444235,0.5278834700584412
Retail,Energy+AR,XGBoost,2022-12-01,-0.09945301665084116,0.48730748891830444
Retail,Energy+AR,XGBoost,2023-01-01,-0.09955202415010689,-0.0889725610613823
Retail,Energy+AR,XGBoost,2023-02-01,0.9910883899453715,-0.1424858272075653
Retail,Energy+AR,XGBoost,2023-03-01,-1.290340483590846,0.4892010986804962
Retail,Energy+AR,XGBoost,2023-04-01,1.487384882320697,0.5208234190940857
Retail,Energy+AR,XGBoost,2023-05-01,-1.0885807645251155,-0.019876878708600998
Retail,Energy+AR,XGBoost,2023-06-01,0.6941029354234907,0.024408303201198578
Retail,Energy+AR,XGBoost,2023-07-01,-1.2929071198857223,0.5302537083625793
Retail,Energy+AR,XGBoost,2023-08-01,0.0,0.5254963040351868
Retail,Energy+AR,XGBoost,2023-09-01,-1.3098424045918655,0.5052309632301331
Retail,Energy+AR,XGBoost,2023-10-01,0.8080852053939047,0.11820147186517715
Retail,Energy+AR,XGBoost,2023-11-01,1.4977813697035103,0.09793625771999359
Retail,Energy+AR,XGBoost,2023-12-01,-4.045040846284298,0.10054205358028412
Retail,Energy+AR,XGBoost,2024-01-01,2.948866442069775,-0.03910616412758827
Retail,Energy+AR,XGBoost,2024-02-01,0.49975116504716866,1.7984517812728882
Retail,Energy+AR,XGBoost,2024-03-01,-0.9013581305361562,0.5168266892433167
Retail,Energy+AR,XGBoost,2024-04-01,-1.011130960432105,0.2728390395641327
Retail,Energy+AR,XGBoost,2024-05-01,2.6079712783052322,0.14344166219234467
Retail,Energy+AR,XGBoost,2024-06-01,-1.8991075505317312,0.07836981117725372
Retail,Energy+AR,XGBoost,2024-07-01,1.1038747314821684,-0.013283121399581432
Retail,Energy+AR,XGBoost,2024-08-01,0.39840690148746916,0.4453221261501312
Retail,Energy+AR,XGBoost,2024-09-01,0.09935420588780275,0.4307452142238617
Retail,Energy+AR,XGBoost,2024-10-01,-0.9980122756724441,-0.1879882961511612
Retail,Energy+AR,XGBoost,2024-11-01,0.2004008686715686,0.1365419179201126
Retail,Energy+AR,XGBoost,2024-12-01,0.20000006666665016,0.5281040072441101
Retail,Energy+AR,XGBoost,2025-01-01,-1.4084739881738528,0.1664750576019287
Retail,Energy+AR,XGBoost,2025-02-01,2.303557040182369,0.10453882068395615
Retail,Energy+AR,XGBoost,2025-03-01,1.1811160928344222,0.0757640153169632
Retail,Energy+AR,XGBoost,2025-04-01,-0.19588644853332227,0.061639204621315
Retail,Energy+Behavioural+AR,Naive,2021-01-01,-8.01956245635047,0.6442728222198824
Retail,Energy+Behavioural+AR,Naive,2021-02-01,1.185784645078325,0.6442728222198824
Retail,Energy+Behavioural+AR,Naive,2021-03-01,3.2853196187187628,0.6442728222198824
Retail,Energy+Behavioural+AR,Naive,2021-04-01,8.121195656442026,0.6442728222198824
Retail,Energy+Behavioural+AR,Naive,2021-05-01,-2.6644560222445435,0.6442728222198824
Retail,Energy+Behavioural+AR,Naive,2021-06-01,0.3593894254589003,0.6442728222198824
Retail,Energy+Behavioural+AR,Naive,2021-07-01,-2.543279677300969,0.6442728222198824
Retail,Energy+Behavioural+AR,Naive,2021-08-01,0.27560881019796923,0.6442728222198824
Retail,Energy+Behavioural+AR,Naive,2021-09-01,-0.18365478073008035,0.6442728222198824
Retail,Energy+Behavioural+AR,Naive,2021-10-01,0.458506076065035,0.6442728222198824
Retail,Energy+Behavioural+AR,Naive,2021-11-01,-0.7346222201978669,0.6442728222198824
Retail,Energy+Behavioural+AR,Naive,2021-12-01,0.0,0.6442728222198824
Retail,Energy+Behavioural+AR,Naive,2022-01-01,-0.7400588818171627,0.6442728222198824
Retail,Energy+Behavioural+AR,Naive,2022-02-01,-1.402547535450438,0.6442728222198824
Retail,Energy+Behavioural+AR,Naive,2022-03-01,-0.6613155891717071,0.6442728222198824
Retail,Energy+Behavioural+AR,Naive,2022-04-01,-0.7611835039630144,0.6442728222198824
Retail,Energy+Behavioural+AR,Naive,2022-05-01,-1.5399726853576823,0.6442728222198824
Retail,Energy+Behavioural+AR,Naive,2022-06-01,0.0,0.6442728222198824
Retail,Energy+Behavioural+AR,Naive,2022-07-01,0.5802724212567334,0.6442728222198824
Retail,Energy+Behavioural+AR,Naive,2022-08-01,-1.8492011119059626,0.6442728222198824
Retail,Energy+Behavioural+AR,Naive,2022-09-01,-1.185784645078325,0.6442728222198824
Retail,Energy+Behavioural+AR,Naive,2022-10-01,0.7920833491444235,0.6442728222198824
Retail,Energy+Behavioural+AR,Naive,2022-11-01,-0.7920833491444235,0.6442728222198824
Retail,Energy+Behavioural+AR,Naive,2022-12-01,-0.09945301665084116,0.6442728222198824
Retail,Energy+Behavioural+AR,Naive,2023-01-01,-0.09955202415010689,0.6442728222198824
Retail,Energy+Behavioural+AR,Naive,2023-02-01,0.9910883899453715,0.6442728222198824
Retail,Energy+Behavioural+AR,Naive,2023-03-01,-1.290340483590846,0.6442728222198824
Retail,Energy+Behavioural+AR,Naive,2023-04-01,1.487384882320697,0.6442728222198824
Retail,Energy+Behavioural+AR,Naive,2023-05-01,-1.0885807645251155,0.6442728222198824
Retail,Energy+Behavioural+AR,Naive,2023-06-01,0.6941029354234907,0.6442728222198824
Retail,Energy+Behavioural+AR,Naive,2023-07-01,-1.2929071198857223,0.6442728222198824
Retail,Energy+Behavioural+AR,Naive,2023-08-01,0.0,0.6442728222198824
Retail,Energy+Behavioural+AR,Naive,2023-09-01,-1.3098424045918655,0.6442728222198824
Retail,Energy+Behavioural+AR,Naive,2023-10-01,0.8080852053939047,0.6442728222198824
Retail,Energy+Behavioural+AR,Naive,2023-11-01,1.4977813697035103,0.6442728222198824
Retail,Energy+Behavioural+AR,Naive,2023-12-01,-4.045040846284298,0.6442728222198824
Retail,Energy+Behavioural+AR,Naive,2024-01-01,2.948866442069775,0.6442728222198824
Retail,Energy+Behavioural+AR,Naive,2024-02-01,0.49975116504716866,0.6442728222198824
Retail,Energy+Behavioural+AR,Naive,2024-03-01,-0.9013581305361562,0.6442728222198824
Retail,Energy+Behavioural+AR,Naive,2024-04-01,-1.011130960432105,0.6442728222198824
Retail,Energy+Behavioural+AR,Naive,2024-05-01,2.6079712783052322,0.6442728222198824
Retail,Energy+Behavioural+AR,Naive,2024-06-01,-1.8991075505317312,0.6442728222198824
Retail,Energy+Behavioural+AR,Naive,2024-07-01,1.1038747314821684,0.6442728222198824
Retail,Energy+Behavioural+AR,Naive,2024-08-01,0.39840690148746916,0.6442728222198824
Retail,Energy+Behavioural+AR,Naive,2024-09-01,0.09935420588780275,0.6442728222198824
Retail,Energy+Behavioural+AR,Naive,2024-10-01,-0.9980122756724441,0.6442728222198824
Retail,Energy+Behavioural+AR,Naive,2024-11-01,0.2004008686715686,0.6442728222198824
Retail,Energy+Behavioural+AR,Naive,2024-12-01,0.20000006666665016,0.6442728222198824
Retail,Energy+Behavioural+AR,Naive,2025-01-01,-1.4084739881738528,0.6442728222198824
Retail,Energy+Behavioural+AR,Naive,2025-02-01,2.303557040182369,0.6442728222198824
Retail,Energy+Behavioural+AR,Naive,2025-03-01,1.1811160928344222,0.6442728222198824
Retail,Energy+Behavioural+AR,Naive,2025-04-01,-0.19588644853332227,0.6442728222198824
Retail,Energy+Behavioural+AR,SeasonalNaive,2021-01-01,-8.01956245635047,0.09666506310948009
Retail,Energy+Behavioural+AR,SeasonalNaive,2021-02-01,1.185784645078325,-0.5813969865419821
Retail,Energy+Behavioural+AR,SeasonalNaive,2021-03-01,3.2853196187187628,-4.981109330353917
Retail,Energy+Behavioural+AR,SeasonalNaive,2021-04-01,8.121195656442026,-15.551354204842749
Retail,Energy+Behavioural+AR,SeasonalNaive,2021-05-01,-2.6644560222445435,10.952842880660452
Retail,Energy+Behavioural+AR,SeasonalNaive,2021-06-01,0.3593894254589003,11.218211533618128
Retail,Energy+Behavioural+AR,SeasonalNaive,2021-07-01,-2.543279677300969,3.291317301433949
Retail,Energy+Behavioural+AR,SeasonalNaive,2021-08-01,0.27560881019796923,1.4692642636022768
Retail,Energy+Behavioural+AR,SeasonalNaive,2021-09-01,-0.18365478073008035,1.5377960211998776
Retail,Energy+Behavioural+AR,SeasonalNaive,2021-10-01,0.458506076065035,0.8046534251214155
Retail,Energy+Behavioural+AR,SeasonalNaive,2021-11-01,-0.7346222201978669,-3.6268707737453276
Retail,Energy+Behavioural+AR,SeasonalNaive,2021-12-01,0.0,0.6442728222198824
Retail,Energy+Behavioural+AR,SeasonalNaive,2022-01-01,-0.7400588818171627,-8.01956245635047
Retail,Energy+Behavioural+AR,SeasonalNaive,2022-02-01,-1.402547535450438,1.185784645078325
Retail,Energy+Behavioural+AR,SeasonalNaive,2022-03-01,-0.6613155891717071,3.2853196187187628
Retail,Energy+Behavioural+AR,SeasonalNaive,2022-04-01,-0.7611835039630144,8.121195656442026
Retail,Energy+Behavioural+AR,SeasonalNaive,2022-05-01,-1.5399726853576823,-2.6644560222445435
Retail,Energy+Behavioural+AR,SeasonalNaive,2022-06-01,0.0,0.3593894254589003
Retail,Energy+Behavioural+AR,SeasonalNaive,2022-07-01,0.5802724212567334,-2.543279677300969
Retail,Energy+Behavioural+AR,SeasonalNaive,2022-08-01,-1.8492011119059626,0.27560881019796923
Retail,Energy+Behavioural+AR,SeasonalNaive,2022-09-01,-1.185784645078325,-0.18365478073008035
Retail,Energy+Behavioural+AR,SeasonalNaive,2022-10-01,0.7920833491444235,0.458506076065035
Retail,Energy+Behavioural+AR,SeasonalNaive,2022-11-01,-0.7920833491444235,-0.7346222201978669
Retail,Energy+Behavioural+AR,SeasonalNaive,2022-12-01,-0.09945301665084116,0.0
Retail,Energy+Behavioural+AR,SeasonalNaive,2023-01-01,-0.09955202415010689,-0.7400588818171627
Retail,Energy+Behavioural+AR,SeasonalNaive,2023-02-01,0.9910883899453715,-1.402547535450438
Retail,Energy+Behavioural+AR,SeasonalNaive,2023-03-01,-1.290340483590846,-0.6613155891717071
Retail,Energy+Behavioural+AR,SeasonalNaive,2023-04-01,1.487384882320697,-0.7611835039630144
Retail,Energy+Behavioural+AR,SeasonalNaive,2023-05-01,-1.0885807645251155,-1.5399726853576823
Retail,Energy+Behavioural+AR,SeasonalNaive,2023-06-01,0.6941029354234907,0.0
Retail,Energy+Behavioural+AR,SeasonalNaive,2023-07-01,-1.2929071198857223,0.5802724212567334
Retail,Energy+Behavioural+AR,SeasonalNaive,2023-08-01,0.0,-1.8492011119059626
Retail,Energy+Behavioural+AR,SeasonalNaive,2023-09-01,-1.3098424045918655,-1.185784645078325
Retail,Energy+Behavioural+AR,SeasonalNaive,2023-10-01,0.8080852053939047,0.7920833491444235
Retail,Energy+Behavioural+AR,SeasonalNaive,2023-11-01,1.4977813697035103,-0.7920833491444235
Retail,Energy+Behavioural+AR,SeasonalNaive,2023-12-01,-4.045040846284298,-0.09945301665084116
Retail,Energy+Behavioural+AR,SeasonalNaive,2024-01-01,2.948866442069775,-0.09955202415010689
Retail,Energy+Behavioural+AR,SeasonalNaive,2024-02-01,0.49975116504716866,0.9910883899453715
Retail,Energy+Behavioural+AR,SeasonalNaive,2024-03-01,-0.9013581305361562,-1.290340483590846
Retail,Energy+Behavioural+AR,SeasonalNaive,2024-04-01,-1.011130960432105,1.487384882320697
Retail,Energy+Behavioural+AR,SeasonalNaive,2024-05-01,2.6079712783052322,-1.0885807645251155
Retail,Energy+Behavioural+AR,SeasonalNaive,2024-06-01,-1.8991075505317312,0.6941029354234907
Retail,Energy+Behavioural+AR,SeasonalNaive,2024-07-01,1.1038747314821684,-1.2929071198857223
Retail,Energy+Behavioural+AR,SeasonalNaive,2024-08-01,0.39840690148746916,0.0
Retail,Energy+Behavioural+AR,SeasonalNaive,2024-09-01,0.09935420588780275,-1.3098424045918655
Retail,Energy+Behavioural+AR,SeasonalNaive,2024-10-01,-0.9980122756724441,0.8080852053939047
Retail,Energy+Behavioural+AR,SeasonalNaive,2024-11-01,0.2004008686715686,1.4977813697035103
Retail,Energy+Behavioural+AR,SeasonalNaive,2024-12-01,0.20000006666665016,-4.045040846284298
Retail,Energy+Behavioural+AR,SeasonalNaive,2025-01-01,-1.4084739881738528,2.948866442069775
Retail,Energy+Behavioural+AR,SeasonalNaive,2025-02-01,2.303557040182369,0.49975116504716866
Retail,Energy+Behavioural+AR,SeasonalNaive,2025-03-01,1.1811160928344222,-0.9013581305361562
Retail,Energy+Behavioural+AR,SeasonalNaive,2025-04-01,-0.19588644853332227,-1.011130960432105
Retail,Energy+Behavioural+AR,Ridge,2021-01-01,-8.01956245635047,0.7754380405987183
Retail,Energy+Behavioural+AR,Ridge,2021-02-01,1.185784645078325,0.7511712064646836
Retail,Energy+Behavioural+AR,Ridge,2021-03-01,3.2853196187187628,1.9678653432599373
Retail,Energy+Behavioural+AR,Ridge,2021-04-01,8.121195656442026,0.6094057094377814
Retail,Energy+Behavioural+AR,Ridge,2021-05-01,-2.6644560222445435,-0.9960303922079023
Retail,Energy+Behavioural+AR,Ridge,2021-06-01,0.3593894254589003,-2.0095970004880717
Retail,Energy+Behavioural+AR,Ridge,2021-07-01,-2.543279677300969,-0.13588922207617624
Retail,Energy+Behavioural+AR,Ridge,2021-08-01,0.27560881019796923,0.23555273425286113
Retail,Energy+Behavioural+AR,Ridge,2021-09-01,-0.18365478073008035,0.5158992500709891
Retail,Energy+Behavioural+AR,Ridge,2021-10-01,0.458506076065035,0.2207365572018849
Retail,Energy+Behavioural+AR,Ridge,2021-11-01,-0.7346222201978669,0.13802361051834813
Retail,Energy+Behavioural+AR,Ridge,2021-12-01,0.0,0.07661420025741504
Retail,Energy+Behavioural+AR,Ridge,2022-01-01,-0.7400588818171627,-0.02863229888187857
Retail,Energy+Behavioural+AR,Ridge,2022-02-01,-1.402547535450438,-0.22433924048929657
Retail,Energy+Behavioural+AR,Ridge,2022-03-01,-0.6613155891717071,0.3733250853110227
Retail,Energy+Behavioural+AR,Ridge,2022-04-01,-0.7611835039630144,0.61924595997619
Retail,Energy+Behavioural+AR,Ridge,2022-05-01,-1.5399726853576823,0.21369315278297846
Retail,Energy+Behavioural+AR,Ridge,2022-06-01,0.0,-0.42121380782450746
Retail,Energy+Behavioural+AR,Ridge,2022-07-01,0.5802724212567334,0.3942868249663882
Retail,Energy+Behavioural+AR,Ridge,2022-08-01,-1.8492011119059626,0.08595391475967704
Retail,Energy+Behavioural+AR,Ridge,2022-09-01,-1.185784645078325,-0.8187392651703614
Retail,Energy+Behavioural+AR,Ridge,2022-10-01,0.7920833491444235,0.25695552807813926
Retail,Energy+Behavioural+AR,Ridge,2022-11-01,-0.7920833491444235,0.987264829598973
Retail,Energy+Behavioural+AR,Ridge,2022-12-01,-0.09945301665084116,0.20959228047424255
Retail,Energy+Behavioural+AR,Ridge,2023-01-01,-0.09955202415010689,0.23830411644876312
Retail,Energy+Behavioural+AR,Ridge,2023-02-01,0.9910883899453715,0.392096427007924
Retail,Energy+Behavioural+AR,Ridge,2023-03-01,-1.290340483590846,0.44671401184043447
Retail,Energy+Behavioural+AR,Ridge,2023-04-01,1.487384882320697,0.33398014521917474
Retail,Energy+Behavioural+AR,Ridge,2023-05-01,-1.0885807645251155,0.39408442835212487
Retail,Energy+Behavioural+AR,Ridge,2023-06-01,0.6941029354234907,0.0711388706787868
Retail,Energy+Behavioural+AR,Ridge,2023-07-01,-1.2929071198857223,0.4730871551774464
Retail,Energy+Behavioural+AR,Ridge,2023-08-01,0.0,0.7593827434706242
Retail,Energy+Behavioural+AR,Ridge,2023-09-01,-1.3098424045918655,1.0009220913663368
Retail,Energy+Behavioural+AR,Ridge,2023-10-01,0.8080852053939047,0.4588018217497677
Retail,Energy+Behavioural+AR,Ridge,2023-11-01,1.4977813697035103,0.2476195692006285
Retail,Energy+Behavioural+AR,Ridge,2023-12-01,-4.045040846284298,0.05590401542034196
Retail,Energy+Behavioural+AR,Ridge,2024-01-01,2.948866442069775,-0.09981987337613488
Retail,Energy+Behavioural+AR,Ridge,2024-02-01,0.49975116504716866,1.020316061972705
Retail,Energy+Behavioural+AR,Ridge,2024-03-01,-0.9013581305361562,0.2810755130975652
Retail,Energy+Behavioural+AR,Ridge,2024-04-01,-1.011130960432105,0.11000242866450552
Retail,Energy+Behavioural+AR,Ridge,2024-05-01,2.6079712783052322,0.5008768636976806
Retail,Energy+Behavioural+AR,Ridge,2024-06-01,-1.8991075505317312,0.6358723056672374
Retail,Energy+Behavioural+AR,Ridge,2024-07-01,1.1038747314821684,-0.2955418802394383
Retail,Energy+Behavioural+AR,Ridge,2024-08-01,0.39840690148746916,0.24861697857214837
Retail,Energy+Behavioural+AR,Ridge,2024-09-01,0.09935420588780275,0.18706280225654176
Retail,Energy+Behavioural+AR,Ridge,2024-10-01,-0.9980122756724441,-0.03832087894694053
Retail,Energy+Behavioural+AR,Ridge,2024-11-01,0.2004008686715686,0.4216861669905396
Retail,Energy+Behavioural+AR,Ridge,2024-12-01,0.20000006666665016,1.0451820112692234
Retail,Energy+Behavioural+AR,Ridge,2025-01-01,-1.4084739881738528,0.5524472735363051
Retail,Energy+Behavioural+AR,Ridge,2025-02-01,2.303557040182369,0.16388319322276057
Retail,Energy+Behavioural+AR,Ridge,2025-03-01,1.1811160928344222,0.43950313525677454
Retail,Energy+Behavioural+AR,Ridge,2025-04-01,-0.19588644853332227,-0.25489714819561426
Retail,Energy+Behavioural+AR,ElasticNet,2021-01-01,-8.01956245635047,0.7006830910512808
Retail,Energy+Behavioural+AR,ElasticNet,2021-02-01,1.185784645078325,0.18771620823457238
Retail,Energy+Behavioural+AR,ElasticNet,2021-03-01,3.2853196187187628,1.3432265314599687
Retail,Energy+Behavioural+AR,ElasticNet,2021-04-01,8.121195656442026,0.20901020783601276
Retail,Energy+Behavioural+AR,ElasticNet,2021-05-01,-2.6644560222445435,-0.3312274687351259
Retail,Energy+Behavioural+AR,ElasticNet,2021-06-01,0.3593894254589003,-1.0916809098130391
Retail,Energy+Behavioural+AR,ElasticNet,2021-07-01,-2.543279677300969,0.3729556197494961
Retail,Energy+Behavioural+AR,ElasticNet,2021-08-01,0.27560881019796923,0.19930747370501384
Retail,Energy+Behavioural+AR,ElasticNet,2021-09-01,-0.18365478073008035,0.5463149087996607
Retail,Energy+Behavioural+AR,ElasticNet,2021-10-01,0.458506076065035,0.207199367939973
Retail,Energy+Behavioural+AR,ElasticNet,2021-11-01,-0.7346222201978669,0.20508268166753654
Retail,Energy+Behavioural+AR,ElasticNet,2021-12-01,0.0,0.12587837354268744
Retail,Energy+Behavioural+AR,ElasticNet,2022-01-01,-0.7400588818171627,0.27322839751524686
Retail,Energy+Behavioural+AR,ElasticNet,2022-02-01,-1.402547535450438,0.18967744252736912
Retail,Energy+Behavioural+AR,ElasticNet,2022-03-01,-0.6613155891717071,0.29794798731491534
Retail,Energy+Behavioural+AR,ElasticNet,2022-04-01,-0.7611835039630144,0.4147222321681431
Retail,Energy+Behavioural+AR,ElasticNet,2022-05-01,-1.5399726853576823,0.3147563776862725
Retail,Energy+Behavioural+AR,ElasticNet,2022-06-01,0.0,0.27565094819069536
Retail,Energy+Behavioural+AR,ElasticNet,2022-07-01,0.5802724212567334,0.42230792257836547
Retail,Energy+Behavioural+AR,ElasticNet,2022-08-01,-1.8492011119059626,0.22066232808655412
Retail,Energy+Behavioural+AR,ElasticNet,2022-09-01,-1.185784645078325,0.08027289209868917
Retail,Energy+Behavioural+AR,ElasticNet,2022-10-01,0.7920833491444235,0.4355384389770953
Retail,Energy+Behavioural+AR,ElasticNet,2022-11-01,-0.7920833491444235,0.43016683236432474
Retail,Energy+Behavioural+AR,ElasticNet,2022-12-01,-0.09945301665084116,0.11253661651532944
Retail,Energy+Behavioural+AR,ElasticNet,2023-01-01,-0.09955202415010689,0.28114308777086194
Retail,Energy+Behavioural+AR,ElasticNet,2023-02-01,0.9910883899453715,0.21606883852403078
Retail,Energy+Behavioural+AR,ElasticNet,2023-03-01,-1.290340483590846,0.22356613620575322
Retail,Energy+Behavioural+AR,ElasticNet,2023-04-01,1.487384882320697,0.06114945595692717
Retail,Energy+Behavioural+AR,ElasticNet,2023-05-01,-1.0885807645251155,0.35904911587438937
Retail,Energy+Behavioural+AR,ElasticNet,2023-06-01,0.6941029354234907,0.010237998323709696
Retail,Energy+Behavioural+AR,ElasticNet,2023-07-01,-1.2929071198857223,0.32031537595600246
Retail,Energy+Behavioural+AR,ElasticNet,2023-08-01,0.0,0.13245237789375536
Retail,Energy+Behavioural+AR,ElasticNet,2023-09-01,-1.3098424045918655,0.3827931302034765
Retail,Energy+Behavioural+AR,ElasticNet,2023-10-01,0.8080852053939047,0.22290484774774424
Retail,Energy+Behavioural+AR,ElasticNet,2023-11-01,1.4977813697035103,0.36705662941551087
Retail,Energy+Behavioural+AR,ElasticNet,2023-12-01,-4.045040846284298,0.08913693143012026
Retail,Energy+Behavioural+AR,ElasticNet,2024-01-01,2.948866442069775,-0.06078829538607222
Retail,Energy+Behavioural+AR,ElasticNet,2024-02-01,0.49975116504716866,0.7514627594872535
Retail,Energy+Behavioural+AR,ElasticNet,2024-03-01,-0.9013581305361562,-0.1240639838172061
Retail,Energy+Behavioural+AR,ElasticNet,2024-04-01,-1.011130960432105,0.050141639027795254
Retail,Energy+Behavioural+AR,ElasticNet,2024-05-01,2.6079712783052322,0.3017950455071776
Retail,Energy+Behavioural+AR,ElasticNet,2024-06-01,-1.8991075505317312,0.3532327431541902
Retail,Energy+Behavioural+AR,ElasticNet,2024-07-01,1.1038747314821684,-0.17413578953181955
Retail,Energy+Behavioural+AR,ElasticNet,2024-08-01,0.39840690148746916,0.4042720388274438
Retail,Energy+Behavioural+AR,ElasticNet,2024-09-01,0.09935420588780275,0.08629249714183888
Retail,Energy+Behavioural+AR,ElasticNet,2024-10-01,-0.9980122756724441,0.10625868793553131
Retail,Energy+Behavioural+AR,ElasticNet,2024-11-01,0.2004008686715686,0.17104847093458986
Retail,Energy+Behavioural+AR,ElasticNet,2024-12-01,0.20000006666665016,0.347789147906566
Retail,Energy+Behavioural+AR,ElasticNet,2025-01-01,-1.4084739881738528,0.19180592070876565
Retail,Energy+Behavioural+AR,ElasticNet,2025-02-01,2.303557040182369,0.15169962407069829
Retail,Energy+Behavioural+AR,ElasticNet,2025-03-01,1.1811160928344222,0.3852343645443258
Retail,Energy+Behavioural+AR,ElasticNet,2025-04-01,-0.19588644853332227,-0.11648015403896475
Retail,Energy+Behavioural+AR,HistGradientBoosting,2021-01-01,-8.01956245635047,0.5086826285347393
Retail,Energy+Behavioural+AR,HistGradientBoosting,2021-02-01,1.185784645078325,0.12760703539745105
Retail,Energy+Behavioural+AR,HistGradientBoosting,2021-03-01,3.2853196187187628,0.45998167480988855
Retail,Energy+Behavioural+AR,HistGradientBoosting,2021-04-01,8.121195656442026,-0.061609224762139446
Retail,Energy+Behavioural+AR,HistGradientBoosting,2021-05-01,-2.6644560222445435,-0.0271896357092238
Retail,Energy+Behavioural+AR,HistGradientBoosting,2021-06-01,0.3593894254589003,0.1620266244503667
Retail,Energy+Behavioural+AR,HistGradientBoosting,2021-07-01,-2.543279677300969,0.5086826285347393
Retail,Energy+Behavioural+AR,HistGradientBoosting,2021-08-01,0.27560881019796923,0.11253187885990955
Retail,Energy+Behavioural+AR,HistGradientBoosting,2021-09-01,-0.18365478073008035,0.5237577850722808
Retail,Energy+Behavioural+AR,HistGradientBoosting,2021-10-01,0.458506076065035,0.12760703539745105
Retail,Energy+Behavioural+AR,HistGradientBoosting,2021-11-01,-0.7346222201978669,0.14308101210044344
Retail,Energy+Behavioural+AR,HistGradientBoosting,2021-12-01,0.0,0.11253187885990955
Retail,Energy+Behavioural+AR,HistGradientBoosting,2022-01-01,-0.7400588818171627,0.09547293578700833
Retail,Energy+Behavioural+AR,HistGradientBoosting,2022-02-01,-1.402547535450438,0.1314774912098328
Retail,Energy+Behavioural+AR,HistGradientBoosting,2022-03-01,-0.6613155891717071,0.06105334673409271
Retail,Energy+Behavioural+AR,HistGradientBoosting,2022-04-01,-0.7611835039630144,0.49320865183174695
Retail,Energy+Behavioural+AR,HistGradientBoosting,2022-05-01,-1.5399726853576823,0.06105334673409271
Retail,Energy+Behavioural+AR,HistGradientBoosting,2022-06-01,0.0,0.07999895908401594
Retail,Energy+Behavioural+AR,HistGradientBoosting,2022-07-01,0.5802724212567334,0.49320865183174695
Retail,Energy+Behavioural+AR,HistGradientBoosting,2022-08-01,-1.8492011119059626,0.11253187885990955
Retail,Energy+Behavioural+AR,HistGradientBoosting,2022-09-01,-1.185784645078325,-0.10749966528303023
Retail,Energy+Behavioural+AR,HistGradientBoosting,2022-10-01,0.7920833491444235,0.5173583150260523
Retail,Energy+Behavioural+AR,HistGradientBoosting,2022-11-01,-0.7920833491444235,0.899802099371796
Retail,Energy+Behavioural+AR,HistGradientBoosting,2022-12-01,-0.09945301665084116,0.519125326399959
Retail,Energy+Behavioural+AR,HistGradientBoosting,2023-01-01,-0.09955202415010689,-0.16244983305577793
Retail,Energy+Behavioural+AR,HistGradientBoosting,2023-02-01,0.9910883899453715,-0.14152043417049498
Retail,Energy+Behavioural+AR,HistGradientBoosting,2023-03-01,-1.290340483590846,0.519125326399959
Retail,Energy+Behavioural+AR,HistGradientBoosting,2023-04-01,1.487384882320697,0.519125326399959
Retail,Energy+Behavioural+AR,HistGradientBoosting,2023-05-01,-1.0885807645251155,0.30919644251653866
Retail,Energy+Behavioural+AR,HistGradientBoosting,2023-06-01,0.6941029354234907,-0.14152043417049498
Retail,Energy+Behavioural+AR,HistGradientBoosting,2023-07-01,-1.2929071198857223,0.899802099371796
Retail,Energy+Behavioural+AR,HistGradientBoosting,2023-08-01,0.0,0.519125326399959
Retail,Energy+Behavioural+AR,HistGradientBoosting,2023-09-01,-1.3098424045918655,0.899802099371796
Retail,Energy+Behavioural+AR,HistGradientBoosting,2023-10-01,0.8080852053939047,0.12760703539745105
Retail,Energy+Behavioural+AR,HistGradientBoosting,2023-11-01,1.4977813697035103,0.46345331045681937
Retail,Energy+Behavioural+AR,HistGradientBoosting,2023-12-01,-4.045040846284298,-0.05293353827082641
Retail,Energy+Behavioural+AR,HistGradientBoosting,2024-01-01,2.948866442069775,-0.11097130092996112
Retail,Energy+Behavioural+AR,HistGradientBoosting,2024-02-01,0.49975116504716866,0.3242715990540802
Retail,Energy+Behavioural+AR,HistGradientBoosting,2024-03-01,-0.9013581305361562,0.519125326399959
Retail,Energy+Behavioural+AR,HistGradientBoosting,2024-04-01,-1.011130960432105,0.14308101210044344
Retail,Energy+Behavioural+AR,HistGradientBoosting,2024-05-01,2.6079712783052322,0.09160247997462659
Retail,Energy+Behavioural+AR,HistGradientBoosting,2024-06-01,-1.8991075505317312,0.319067548209698
Retail,Energy+Behavioural+AR,HistGradientBoosting,2024-07-01,1.1038747314821684,-0.1264452776329535
Retail,Energy+Behavioural+AR,HistGradientBoosting,2024-08-01,0.39840690148746916,0.44490651827234706
Retail,Energy+Behavioural+AR,HistGradientBoosting,2024-09-01,0.09935420588780275,0.519125326399959
Retail,Energy+Behavioural+AR,HistGradientBoosting,2024-10-01,-0.9980122756724441,-0.12604645746750262
Retail,Energy+Behavioural+AR,HistGradientBoosting,2024-11-01,0.2004008686715686,0.13281108624183324
Retail,Energy+Behavioural+AR,HistGradientBoosting,2024-12-01,0.20000006666665016,0.899802099371796
Retail,Energy+Behavioural+AR,HistGradientBoosting,2025-01-01,-1.4084739881738528,0.12760703539745105
Retail,Energy+Behavioural+AR,HistGradientBoosting,2025-02-01,2.303557040182369,0.12800585556290192
Retail,Energy+Behavioural+AR,HistGradientBoosting,2025-03-01,1.1811160928344222,0.3194663683751489
Retail,Energy+Behavioural+AR,HistGradientBoosting,2025-04-01,-0.19588644853332227,0.0487557685975172
Retail,Energy+Behavioural+AR,XGBoost,2021-01-01,-8.01956245635047,1.71578848361969
Retail,Energy+Behavioural+AR,XGBoost,2021-02-01,1.185784645078325,0.054725803434848785
Retail,Energy+Behavioural+AR,XGBoost,2021-03-01,3.2853196187187628,1.7546913623809814
Retail,Energy+Behavioural+AR,XGBoost,2021-04-01,8.121195656442026,0.05342976003885269
Retail,Energy+Behavioural+AR,XGBoost,2021-05-01,-2.6644560222445435,0.06470713019371033
Retail,Energy+Behavioural+AR,XGBoost,2021-06-01,0.3593894254589003,0.0021602706983685493
Retail,Energy+Behavioural+AR,XGBoost,2021-07-01,-2.543279677300969,1.71578848361969
Retail,Energy+Behavioural+AR,XGBoost,2021-08-01,0.27560881019796923,0.015822939574718475
Retail,Energy+Behavioural+AR,XGBoost,2021-09-01,-0.18365478073008035,1.71578848361969
Retail,Energy+Behavioural+AR,XGBoost,2021-10-01,0.458506076065035,0.03669916093349457
Retail,Energy+Behavioural+AR,XGBoost,2021-11-01,-0.7346222201978669,0.023036479949951172
Retail,Energy+Behavioural+AR,XGBoost,2021-12-01,0.0,0.07959876954555511
Retail,Energy+Behavioural+AR,XGBoost,2022-01-01,-0.7400588818171627,0.023036479949951172
Retail,Energy+Behavioural+AR,XGBoost,2022-02-01,-1.402547535450438,0.09326143562793732
Retail,Energy+Behavioural+AR,XGBoost,2022-03-01,-0.6613155891717071,0.07959876954555511
Retail,Energy+Behavioural+AR,XGBoost,2022-04-01,-0.7611835039630144,0.10161685198545456
Retail,Energy+Behavioural+AR,XGBoost,2022-05-01,-1.5399726853576823,0.09326143562793732
Retail,Energy+Behavioural+AR,XGBoost,2022-06-01,0.0,0.09326143562793732
Retail,Energy+Behavioural+AR,XGBoost,2022-07-01,0.5802724212567334,0.1115989163517952
Retail,Energy+Behavioural+AR,XGBoost,2022-08-01,-1.8492011119059626,0.03669916093349457
Retail,Energy+Behavioural+AR,XGBoost,2022-09-01,-1.185784645078325,0.1200760155916214
Retail,Energy+Behavioural+AR,XGBoost,2022-10-01,0.7920833491444235,0.32441505789756775
Retail,Energy+Behavioural+AR,XGBoost,2022-11-01,-0.7920833491444235,0.5278834700584412
Retail,Energy+Behavioural+AR,XGBoost,2022-12-01,-0.09945301665084116,0.48730748891830444
Retail,Energy+Behavioural+AR,XGBoost,2023-01-01,-0.09955202415010689,-0.0889725610613823
Retail,Energy+Behavioural+AR,XGBoost,2023-02-01,0.9910883899453715,-0.1424858272075653
Retail,Energy+Behavioural+AR,XGBoost,2023-03-01,-1.290340483590846,0.4892010986804962
Retail,Energy+Behavioural+AR,XGBoost,2023-04-01,1.487384882320697,0.5208234190940857
Retail,Energy+Behavioural+AR,XGBoost,2023-05-01,-1.0885807645251155,-0.019876878708600998
Retail,Energy+Behavioural+AR,XGBoost,2023-06-01,0.6941029354234907,0.024408303201198578
Retail,Energy+Behavioural+AR,XGBoost,2023-07-01,-1.2929071198857223,0.5302537083625793
Retail,Energy+Behavioural+AR,XGBoost,2023-08-01,0.0,0.5254963040351868
Retail,Energy+Behavioural+AR,XGBoost,2023-09-01,-1.3098424045918655,0.5052309632301331
Retail,Energy+Behavioural+AR,XGBoost,2023-10-01,0.8080852053939047,0.11820147186517715
Retail,Energy+Behavioural+AR,XGBoost,2023-11-01,1.4977813697035103,0.09793625771999359
Retail,Energy+Behavioural+AR,XGBoost,2023-12-01,-4.045040846284298,0.10054205358028412
Retail,Energy+Behavioural+AR,XGBoost,2024-01-01,2.948866442069775,-0.03910616412758827
Retail,Energy+Behavioural+AR,XGBoost,2024-02-01,0.49975116504716866,1.7984517812728882
Retail,Energy+Behavioural+AR,XGBoost,2024-03-01,-0.9013581305361562,0.5168266892433167
Retail,Energy+Behavioural+AR,XGBoost,2024-04-01,-1.011130960432105,0.2728390395641327
Retail,Energy+Behavioural+AR,XGBoost,2024-05-01,2.6079712783052322,0.14344166219234467
Retail,Energy+Behavioural+AR,XGBoost,2024-06-01,-1.8991075505317312,0.07836981117725372
Retail,Energy+Behavioural+AR,XGBoost,2024-07-01,1.1038747314821684,-0.013283121399581432
Retail,Energy+Behavioural+AR,XGBoost,2024-08-01,0.39840690148746916,0.4453221261501312
Retail,Energy+Behavioural+AR,XGBoost,2024-09-01,0.09935420588780275,0.4307452142238617
Retail,Energy+Behavioural+AR,XGBoost,2024-10-01,-0.9980122756724441,-0.1879882961511612
Retail,Energy+Behavioural+AR,XGBoost,2024-11-01,0.2004008686715686,0.1365419179201126
Retail,Energy+Behavioural+AR,XGBoost,2024-12-01,0.20000006666665016,0.5281040072441101
Retail,Energy+Behavioural+AR,XGBoost,2025-01-01,-1.4084739881738528,0.1664750576019287
Retail,Energy+Behavioural+AR,XGBoost,2025-02-01,2.303557040182369,0.10453882068395615
Retail,Energy+Behavioural+AR,XGBoost,2025-03-01,1.1811160928344222,0.0757640153169632
Retail,Energy+Behavioural+AR,XGBoost,2025-04-01,-0.19588644853332227,0.061639204621315
Retail,Full,Naive,2021-01-01,-8.01956245635047,0.6442728222198824
Retail,Full,Naive,2021-02-01,1.185784645078325,0.6442728222198824
Retail,Full,Naive,2021-03-01,3.2853196187187628,0.6442728222198824
Retail,Full,Naive,2021-04-01,8.121195656442026,0.6442728222198824
Retail,Full,Naive,2021-05-01,-2.6644560222445435,0.6442728222198824
Retail,Full,Naive,2021-06-01,0.3593894254589003,0.6442728222198824
Retail,Full,Naive,2021-07-01,-2.543279677300969,0.6442728222198824
Retail,Full,Naive,2021-08-01,0.27560881019796923,0.6442728222198824
Retail,Full,Naive,2021-09-01,-0.18365478073008035,0.6442728222198824
Retail,Full,Naive,2021-10-01,0.458506076065035,0.6442728222198824
Retail,Full,Naive,2021-11-01,-0.7346222201978669,0.6442728222198824
Retail,Full,Naive,2021-12-01,0.0,0.6442728222198824
Retail,Full,Naive,2022-01-01,-0.7400588818171627,0.6442728222198824
Retail,Full,Naive,2022-02-01,-1.402547535450438,0.6442728222198824
Retail,Full,Naive,2022-03-01,-0.6613155891717071,0.6442728222198824
Retail,Full,Naive,2022-04-01,-0.7611835039630144,0.6442728222198824
Retail,Full,Naive,2022-05-01,-1.5399726853576823,0.6442728222198824
Retail,Full,Naive,2022-06-01,0.0,0.6442728222198824
Retail,Full,Naive,2022-07-01,0.5802724212567334,0.6442728222198824
Retail,Full,Naive,2022-08-01,-1.8492011119059626,0.6442728222198824
Retail,Full,Naive,2022-09-01,-1.185784645078325,0.6442728222198824
Retail,Full,Naive,2022-10-01,0.7920833491444235,0.6442728222198824
Retail,Full,Naive,2022-11-01,-0.7920833491444235,0.6442728222198824
Retail,Full,Naive,2022-12-01,-0.09945301665084116,0.6442728222198824
Retail,Full,Naive,2023-01-01,-0.09955202415010689,0.6442728222198824
Retail,Full,Naive,2023-02-01,0.9910883899453715,0.6442728222198824
Retail,Full,Naive,2023-03-01,-1.290340483590846,0.6442728222198824
Retail,Full,Naive,2023-04-01,1.487384882320697,0.6442728222198824
Retail,Full,Naive,2023-05-01,-1.0885807645251155,0.6442728222198824
Retail,Full,Naive,2023-06-01,0.6941029354234907,0.6442728222198824
Retail,Full,Naive,2023-07-01,-1.2929071198857223,0.6442728222198824
Retail,Full,Naive,2023-08-01,0.0,0.6442728222198824
Retail,Full,Naive,2023-09-01,-1.3098424045918655,0.6442728222198824
Retail,Full,Naive,2023-10-01,0.8080852053939047,0.6442728222198824
Retail,Full,Naive,2023-11-01,1.4977813697035103,0.6442728222198824
Retail,Full,Naive,2023-12-01,-4.045040846284298,0.6442728222198824
Retail,Full,Naive,2024-01-01,2.948866442069775,0.6442728222198824
Retail,Full,Naive,2024-02-01,0.49975116504716866,0.6442728222198824
Retail,Full,Naive,2024-03-01,-0.9013581305361562,0.6442728222198824
Retail,Full,Naive,2024-04-01,-1.011130960432105,0.6442728222198824
Retail,Full,Naive,2024-05-01,2.6079712783052322,0.6442728222198824
Retail,Full,Naive,2024-06-01,-1.8991075505317312,0.6442728222198824
Retail,Full,Naive,2024-07-01,1.1038747314821684,0.6442728222198824
Retail,Full,Naive,2024-08-01,0.39840690148746916,0.6442728222198824
Retail,Full,Naive,2024-09-01,0.09935420588780275,0.6442728222198824
Retail,Full,Naive,2024-10-01,-0.9980122756724441,0.6442728222198824
Retail,Full,Naive,2024-11-01,0.2004008686715686,0.6442728222198824
Retail,Full,Naive,2024-12-01,0.20000006666665016,0.6442728222198824
Retail,Full,Naive,2025-01-01,-1.4084739881738528,0.6442728222198824
Retail,Full,Naive,2025-02-01,2.303557040182369,0.6442728222198824
Retail,Full,Naive,2025-03-01,1.1811160928344222,0.6442728222198824
Retail,Full,Naive,2025-04-01,-0.19588644853332227,0.6442728222198824
Retail,Full,SeasonalNaive,2021-01-01,-8.01956245635047,0.09666506310948009
Retail,Full,SeasonalNaive,2021-02-01,1.185784645078325,-0.5813969865419821
Retail,Full,SeasonalNaive,2021-03-01,3.2853196187187628,-4.981109330353917
Retail,Full,SeasonalNaive,2021-04-01,8.121195656442026,-15.551354204842749
Retail,Full,SeasonalNaive,2021-05-01,-2.6644560222445435,10.952842880660452
Retail,Full,SeasonalNaive,2021-06-01,0.3593894254589003,11.218211533618128
Retail,Full,SeasonalNaive,2021-07-01,-2.543279677300969,3.291317301433949
Retail,Full,SeasonalNaive,2021-08-01,0.27560881019796923,1.4692642636022768
Retail,Full,SeasonalNaive,2021-09-01,-0.18365478073008035,1.5377960211998776
Retail,Full,SeasonalNaive,2021-10-01,0.458506076065035,0.8046534251214155
Retail,Full,SeasonalNaive,2021-11-01,-0.7346222201978669,-3.6268707737453276
Retail,Full,SeasonalNaive,2021-12-01,0.0,0.6442728222198824
Retail,Full,SeasonalNaive,2022-01-01,-0.7400588818171627,-8.01956245635047
Retail,Full,SeasonalNaive,2022-02-01,-1.402547535450438,1.185784645078325
Retail,Full,SeasonalNaive,2022-03-01,-0.6613155891717071,3.2853196187187628
Retail,Full,SeasonalNaive,2022-04-01,-0.7611835039630144,8.121195656442026
Retail,Full,SeasonalNaive,2022-05-01,-1.5399726853576823,-2.6644560222445435
Retail,Full,SeasonalNaive,2022-06-01,0.0,0.3593894254589003
Retail,Full,SeasonalNaive,2022-07-01,0.5802724212567334,-2.543279677300969
Retail,Full,SeasonalNaive,2022-08-01,-1.8492011119059626,0.27560881019796923
Retail,Full,SeasonalNaive,2022-09-01,-1.185784645078325,-0.18365478073008035
Retail,Full,SeasonalNaive,2022-10-01,0.7920833491444235,0.458506076065035
Retail,Full,SeasonalNaive,2022-11-01,-0.7920833491444235,-0.7346222201978669
Retail,Full,SeasonalNaive,2022-12-01,-0.09945301665084116,0.0
Retail,Full,SeasonalNaive,2023-01-01,-0.09955202415010689,-0.7400588818171627
Retail,Full,SeasonalNaive,2023-02-01,0.9910883899453715,-1.402547535450438
Retail,Full,SeasonalNaive,2023-03-01,-1.290340483590846,-0.6613155891717071
Retail,Full,SeasonalNaive,2023-04-01,1.487384882320697,-0.7611835039630144
Retail,Full,SeasonalNaive,2023-05-01,-1.0885807645251155,-1.5399726853576823
Retail,Full,SeasonalNaive,2023-06-01,0.6941029354234907,0.0
Retail,Full,SeasonalNaive,2023-07-01,-1.2929071198857223,0.5802724212567334
Retail,Full,SeasonalNaive,2023-08-01,0.0,-1.8492011119059626
Retail,Full,SeasonalNaive,2023-09-01,-1.3098424045918655,-1.185784645078325
Retail,Full,SeasonalNaive,2023-10-01,0.8080852053939047,0.7920833491444235
Retail,Full,SeasonalNaive,2023-11-01,1.4977813697035103,-0.7920833491444235
Retail,Full,SeasonalNaive,2023-12-01,-4.045040846284298,-0.09945301665084116
Retail,Full,SeasonalNaive,2024-01-01,2.948866442069775,-0.09955202415010689
Retail,Full,SeasonalNaive,2024-02-01,0.49975116504716866,0.9910883899453715
Retail,Full,SeasonalNaive,2024-03-01,-0.9013581305361562,-1.290340483590846
Retail,Full,SeasonalNaive,2024-04-01,-1.011130960432105,1.487384882320697
Retail,Full,SeasonalNaive,2024-05-01,2.6079712783052322,-1.0885807645251155
Retail,Full,SeasonalNaive,2024-06-01,-1.8991075505317312,0.6941029354234907
Retail,Full,SeasonalNaive,2024-07-01,1.1038747314821684,-1.2929071198857223
Retail,Full,SeasonalNaive,2024-08-01,0.39840690148746916,0.0
Retail,Full,SeasonalNaive,2024-09-01,0.09935420588780275,-1.3098424045918655
Retail,Full,SeasonalNaive,2024-10-01,-0.9980122756724441,0.8080852053939047
Retail,Full,SeasonalNaive,2024-11-01,0.2004008686715686,1.4977813697035103
Retail,Full,SeasonalNaive,2024-12-01,0.20000006666665016,-4.045040846284298
Retail,Full,SeasonalNaive,2025-01-01,-1.4084739881738528,2.948866442069775
Retail,Full,SeasonalNaive,2025-02-01,2.303557040182369,0.49975116504716866
Retail,Full,SeasonalNaive,2025-03-01,1.1811160928344222,-0.9013581305361562
Retail,Full,SeasonalNaive,2025-04-01,-0.19588644853332227,-1.011130960432105
Retail,Full,Ridge,2021-01-01,-8.01956245635047,0.8081398937599595
Retail,Full,Ridge,2021-02-01,1.185784645078325,0.880709374664345
Retail,Full,Ridge,2021-03-01,3.2853196187187628,2.040822537150404
Retail,Full,Ridge,2021-04-01,8.121195656442026,0.5141113745969723
Retail,Full,Ridge,2021-05-01,-2.6644560222445435,-1.0549658835693492
Retail,Full,Ridge,2021-06-01,0.3593894254589003,-1.9517791114644605
Retail,Full,Ridge,2021-07-01,-2.543279677300969,-0.06002852192658395
Retail,Full,Ridge,2021-08-01,0.27560881019796923,0.5670724853354243
Retail,Full,Ridge,2021-09-01,-0.18365478073008035,0.5057261928979561
Retail,Full,Ridge,2021-10-01,0.458506076065035,0.16940069705856653
Retail,Full,Ridge,2021-11-01,-0.7346222201978669,0.18631022694661092
Retail,Full,Ridge,2021-12-01,0.0,0.0017919349783158123
Retail,Full,Ridge,2022-01-01,-0.7400588818171627,0.020232469598278846
Retail,Full,Ridge,2022-02-01,-1.402547535450438,-0.22171470978473365
Retail,Full,Ridge,2022-03-01,-0.6613155891717071,0.36125759242785505
Retail,Full,Ridge,2022-04-01,-0.7611835039630144,0.48353146676171743
Retail,Full,Ridge,2022-05-01,-1.5399726853576823,-0.03330125455639216
Retail,Full,Ridge,2022-06-01,0.0,-0.4010699670085388
Retail,Full,Ridge,2022-07-01,0.5802724212567334,0.7683479815614863
Retail,Full,Ridge,2022-08-01,-1.8492011119059626,-0.034692886613733265
Retail,Full,Ridge,2022-09-01,-1.185784645078325,-0.7745558221070888
Retail,Full,Ridge,2022-10-01,0.7920833491444235,0.22587720047770918
Retail,Full,Ridge,2022-11-01,-0.7920833491444235,0.9335849743414052
Retail,Full,Ridge,2022-12-01,-0.09945301665084116,0.15757895214901607
Retail,Full,Ridge,2023-01-01,-0.09955202415010689,0.526620240722193
Retail,Full,Ridge,2023-02-01,0.9910883899453715,0.5270226849884322
Retail,Full,Ridge,2023-03-01,-1.290340483590846,0.5398901664463313
Retail,Full,Ridge,2023-04-01,1.487384882320697,-0.08230775324867587
Retail,Full,Ridge,2023-05-01,-1.0885807645251155,0.5005039147221111
Retail,Full,Ridge,2023-06-01,0.6941029354234907,0.18513944444247304
Retail,Full,Ridge,2023-07-01,-1.2929071198857223,0.8267437335270399
Retail,Full,Ridge,2023-08-01,0.0,0.8837641254559185
Retail,Full,Ridge,2023-09-01,-1.3098424045918655,0.9441480031219253
Retail,Full,Ridge,2023-10-01,0.8080852053939047,0.21563978986098292
Retail,Full,Ridge,2023-11-01,1.4977813697035103,0.4156797579410684
Retail,Full,Ridge,2023-12-01,-4.045040846284298,0.1924127495086153
Retail,Full,Ridge,2024-01-01,2.948866442069775,-0.07798796420887796
Retail,Full,Ridge,2024-02-01,0.49975116504716866,0.9158079903123152
Retail,Full,Ridge,2024-03-01,-0.9013581305361562,0.15565856140879944
Retail,Full,Ridge,2024-04-01,-1.011130960432105,-0.1598964742265511
Retail,Full,Ridge,2024-05-01,2.6079712783052322,0.5291709774236429
Retail,Full,Ridge,2024-06-01,-1.8991075505317312,0.7706522423491671
Retail,Full,Ridge,2024-07-01,1.1038747314821684,-0.1878533515495042
Retail,Full,Ridge,2024-08-01,0.39840690148746916,0.33991352581073575
Retail,Full,Ridge,2024-09-01,0.09935420588780275,0.19151076635551606
Retail,Full,Ridge,2024-10-01,-0.9980122756724441,-0.062295598942826075
Retail,Full,Ridge,2024-11-01,0.2004008686715686,0.32558646864910346
Retail,Full,Ridge,2024-12-01,0.20000006666665016,1.0957288928965279
Retail,Full,Ridge,2025-01-01,-1.4084739881738528,0.665284285424634
Retail,Full,Ridge,2025-02-01,2.303557040182369,0.31267551034449603
Retail,Full,Ridge,2025-03-01,1.1811160928344222,0.43105665835429663
Retail,Full,Ridge,2025-04-01,-0.19588644853332227,-0.3087804868543803
Retail,Full,ElasticNet,2021-01-01,-8.01956245635047,0.7006830910512808
Retail,Full,ElasticNet,2021-02-01,1.185784645078325,0.18771620823457238
Retail,Full,ElasticNet,2021-03-01,3.2853196187187628,1.3432265314599687
Retail,Full,ElasticNet,2021-04-01,8.121195656442026,0.20901020783601276
Retail,Full,ElasticNet,2021-05-01,-2.6644560222445435,-0.3312274687351259
Retail,Full,ElasticNet,2021-06-01,0.3593894254589003,-1.0916809098130391
Retail,Full,ElasticNet,2021-07-01,-2.543279677300969,0.3729556197494961
Retail,Full,ElasticNet,2021-08-01,0.27560881019796923,0.19930747370501384
Retail,Full,ElasticNet,2021-09-01,-0.18365478073008035,0.5463149087996607
Retail,Full,ElasticNet,2021-10-01,0.458506076065035,0.207199367939973
Retail,Full,ElasticNet,2021-11-01,-0.7346222201978669,0.20508268166753654
Retail,Full,ElasticNet,2021-12-01,0.0,0.12587837354268744
Retail,Full,ElasticNet,2022-01-01,-0.7400588818171627,0.27322839751524686
Retail,Full,ElasticNet,2022-02-01,-1.402547535450438,0.18967744252736912
Retail,Full,ElasticNet,2022-03-01,-0.6613155891717071,0.29794798731491534
Retail,Full,ElasticNet,2022-04-01,-0.7611835039630144,0.4147222321681431
Retail,Full,ElasticNet,2022-05-01,-1.5399726853576823,0.3147563776862725
Retail,Full,ElasticNet,2022-06-01,0.0,0.27565094819069536
Retail,Full,ElasticNet,2022-07-01,0.5802724212567334,0.42230792257836547
Retail,Full,ElasticNet,2022-08-01,-1.8492011119059626,0.22066232808655412
Retail,Full,ElasticNet,2022-09-01,-1.185784645078325,0.08027289209868917
Retail,Full,ElasticNet,2022-10-01,0.7920833491444235,0.4355384389770953
Retail,Full,ElasticNet,2022-11-01,-0.7920833491444235,0.43016683236432474
Retail,Full,ElasticNet,2022-12-01,-0.09945301665084116,0.11253661651532944
Retail,Full,ElasticNet,2023-01-01,-0.09955202415010689,0.28114308777086194
Retail,Full,ElasticNet,2023-02-01,0.9910883899453715,0.21606883852403078
Retail,Full,ElasticNet,2023-03-01,-1.290340483590846,0.22356613620575322
Retail,Full,ElasticNet,2023-04-01,1.487384882320697,0.06114945595692717
Retail,Full,ElasticNet,2023-05-01,-1.0885807645251155,0.35904911587438937
Retail,Full,ElasticNet,2023-06-01,0.6941029354234907,0.010237998323709696
Retail,Full,ElasticNet,2023-07-01,-1.2929071198857223,0.32031537595600246
Retail,Full,ElasticNet,2023-08-01,0.0,0.13245237789375536
Retail,Full,ElasticNet,2023-09-01,-1.3098424045918655,0.3827931302034765
Retail,Full,ElasticNet,2023-10-01,0.8080852053939047,0.22290484774774424
Retail,Full,ElasticNet,2023-11-01,1.4977813697035103,0.36705662941551087
Retail,Full,ElasticNet,2023-12-01,-4.045040846284298,0.08913693143012026
Retail,Full,ElasticNet,2024-01-01,2.948866442069775,-0.06078829538607222
Retail,Full,ElasticNet,2024-02-01,0.49975116504716866,0.7514627594872535
Retail,Full,ElasticNet,2024-03-01,-0.9013581305361562,-0.1240639838172061
Retail,Full,ElasticNet,2024-04-01,-1.011130960432105,0.050141639027795254
Retail,Full,ElasticNet,2024-05-01,2.6079712783052322,0.3017950455071776
Retail,Full,ElasticNet,2024-06-01,-1.8991075505317312,0.3532327431541902
Retail,Full,ElasticNet,2024-07-01,1.1038747314821684,-0.17413578953181955
Retail,Full,ElasticNet,2024-08-01,0.39840690148746916,0.4042720388274438
Retail,Full,ElasticNet,2024-09-01,0.09935420588780275,0.08629249714183888
Retail,Full,ElasticNet,2024-10-01,-0.9980122756724441,0.10625868793553131
Retail,Full,ElasticNet,2024-11-01,0.2004008686715686,0.17104847093458986
Retail,Full,ElasticNet,2024-12-01,0.20000006666665016,0.347789147906566
Retail,Full,ElasticNet,2025-01-01,-1.4084739881738528,0.19180592070876565
Retail,Full,ElasticNet,2025-02-01,2.303557040182369,0.15169962407069829
Retail,Full,ElasticNet,2025-03-01,1.1811160928344222,0.3852343645443258
Retail,Full,ElasticNet,2025-04-01,-0.19588644853332227,-0.11648015403896475
Retail,Full,HistGradientBoosting,2021-01-01,-8.01956245635047,0.6388277540251321
Retail,Full,HistGradientBoosting,2021-02-01,1.185784645078325,0.12711213237736277
Retail,Full,HistGradientBoosting,2021-03-01,3.2853196187187628,0.6388277540251321
Retail,Full,HistGradientBoosting,2021-04-01,8.121195656442026,-0.1875895692841811
Retail,Full,HistGradientBoosting,2021-05-01,-2.6644560222445435,-0.18311094428071348
Retail,Full,HistGradientBoosting,2021-06-01,0.3593894254589003,0.1315907573808304
Retail,Full,HistGradientBoosting,2021-07-01,-2.543279677300969,0.6388277540251321
Retail,Full,HistGradientBoosting,2021-08-01,0.27560881019796923,0.12711213237736277
Retail,Full,HistGradientBoosting,2021-09-01,-0.18365478073008035,0.6388277540251321
Retail,Full,HistGradientBoosting,2021-10-01,0.458506076065035,0.12711213237736277
Retail,Full,HistGradientBoosting,2021-11-01,-0.7346222201978669,0.1315907573808304
Retail,Full,HistGradientBoosting,2021-12-01,0.0,0.1315907573808304
Retail,Full,HistGradientBoosting,2022-01-01,-0.7400588818171627,0.060917404541042615
Retail,Full,HistGradientBoosting,2022-02-01,-1.402547535450438,0.1674719829522697
Retail,Full,HistGradientBoosting,2022-03-01,-0.6613155891717071,0.060917404541042615
Retail,Full,HistGradientBoosting,2022-04-01,-0.7611835039630144,0.6343491290216645
Retail,Full,HistGradientBoosting,2022-05-01,-1.5399726853576823,0.056438779537574986
Retail,Full,HistGradientBoosting,2022-06-01,0.0,0.056438779537574986
Retail,Full,HistGradientBoosting,2022-07-01,0.5802724212567334,0.6343491290216645
Retail,Full,HistGradientBoosting,2022-08-01,-1.8492011119059626,0.12711213237736277
Retail,Full,HistGradientBoosting,2022-09-01,-1.185784645078325,-0.20393612654352428
Retail,Full,HistGradientBoosting,2022-10-01,0.7920833491444235,0.6388277540251321
Retail,Full,HistGradientBoosting,2022-11-01,-0.7920833491444235,1.1492767466001141
Retail,Full,HistGradientBoosting,2022-12-01,-0.09945301665084116,0.6420397499558118
Retail,Full,HistGradientBoosting,2023-01-01,-0.09955202415010689,-0.27460947938331204
Retail,Full,HistGradientBoosting,2023-02-01,0.9910883899453715,-0.16805490097208498
Retail,Full,HistGradientBoosting,2023-03-01,-1.290340483590846,0.6465183749592794
Retail,Full,HistGradientBoosting,2023-04-01,1.487384882320697,0.6465183749592794
Retail,Full,HistGradientBoosting,2023-05-01,-1.0885807645251155,0.3241260523635884
Retail,Full,HistGradientBoosting,2023-06-01,0.6941029354234907,-0.16805490097208498
Retail,Full,HistGradientBoosting,2023-07-01,-1.2929071198857223,1.1537553716035818
Retail,Full,HistGradientBoosting,2023-08-01,0.0,0.6420397499558118
Retail,Full,HistGradientBoosting,2023-09-01,-1.3098424045918655,1.1537553716035818
Retail,Full,HistGradientBoosting,2023-10-01,0.8080852053939047,0.054583642556071676
Retail,Full,HistGradientBoosting,2023-11-01,1.4977813697035103,0.6388277540251321
Retail,Full,HistGradientBoosting,2023-12-01,-4.045040846284298,-0.14722971870927418
Retail,Full,HistGradientBoosting,2024-01-01,2.948866442069775,-0.20393612654352428
Retail,Full,HistGradientBoosting,2024-02-01,0.49975116504716866,0.25159756254229715
Retail,Full,HistGradientBoosting,2024-03-01,-0.9013581305361562,0.6420397499558118
Retail,Full,HistGradientBoosting,2024-04-01,-1.011130960432105,0.059062267559539305
Retail,Full,HistGradientBoosting,2024-05-01,2.6079712783052322,0.060917404541042615
Retail,Full,HistGradientBoosting,2024-06-01,-1.8991075505317312,0.3600072779350277
Retail,Full,HistGradientBoosting,2024-07-01,1.1038747314821684,-0.16805490097208498
Retail,Full,HistGradientBoosting,2024-08-01,0.39840690148746916,0.6388277540251321
Retail,Full,HistGradientBoosting,2024-09-01,0.09935420588780275,0.6823996005307188
Retail,Full,HistGradientBoosting,2024-10-01,-0.9980122756724441,-0.20393612654352428
Retail,Full,HistGradientBoosting,2024-11-01,0.2004008686715686,0.1315907573808304
Retail,Full,HistGradientBoosting,2024-12-01,0.20000006666665016,1.1537553716035818
Retail,Full,HistGradientBoosting,2025-01-01,-1.4084739881738528,0.12711213237736277
Retail,Full,HistGradientBoosting,2025-02-01,2.303557040182369,0.1315907573808304
Retail,Full,HistGradientBoosting,2025-03-01,1.1811160928344222,0.3241260523635884
Retail,Full,HistGradientBoosting,2025-04-01,-0.19588644853332227,0.1674719829522697
Retail,Full,XGBoost,2021-01-01,-8.01956245635047,1.2457213401794434
Retail,Full,XGBoost,2021-02-01,1.185784645078325,0.00236947787925601
Retail,Full,XGBoost,2021-03-01,3.2853196187187628,1.2582268714904785
Retail,Full,XGBoost,2021-04-01,8.121195656442026,0.08500746637582779
Retail,Full,XGBoost,2021-05-01,-2.6644560222445435,0.05845993012189865
Retail,Full,XGBoost,2021-06-01,0.3593894254589003,-0.003753888886421919
Retail,Full,XGBoost,2021-07-01,-2.543279677300969,1.228250503540039
Retail,Full,XGBoost,2021-08-01,0.27560881019796923,-0.004990431945770979
Retail,Full,XGBoost,2021-09-01,-0.18365478073008035,1.2318758964538574
Retail,Full,XGBoost,2021-10-01,0.458506076065035,0.12293517589569092
Retail,Full,XGBoost,2021-11-01,-0.7346222201978669,0.09638762474060059
Retail,Full,XGBoost,2021-12-01,0.0,0.22579607367515564
Retail,Full,XGBoost,2022-01-01,-0.7400588818171627,0.09638762474060059
Retail,Full,XGBoost,2022-02-01,-1.402547535450438,0.23840902745723724
Retail,Full,XGBoost,2022-03-01,-0.6613155891717071,0.2726944088935852
Retail,Full,XGBoost,2022-04-01,-0.7611835039630144,0.12029938399791718
Retail,Full,XGBoost,2022-05-01,-1.5399726853576823,0.26577603816986084
Retail,Full,XGBoost,2022-06-01,0.0,0.25317269563674927
Retail,Full,XGBoost,2022-07-01,0.5802724212567334,0.14445510506629944
Retail,Full,XGBoost,2022-08-01,-1.8492011119059626,0.04082254692912102
Retail,Full,XGBoost,2022-09-01,-1.185784645078325,0.06793589890003204
Retail,Full,XGBoost,2022-10-01,0.7920833491444235,0.31234538555145264
Retail,Full,XGBoost,2022-11-01,-0.7920833491444235,0.37092411518096924
Retail,Full,XGBoost,2022-12-01,-0.09945301665084116,0.34074896574020386
Retail,Full,XGBoost,2023-01-01,-0.09955202415010689,-0.28847429156303406
Retail,Full,XGBoost,2023-02-01,0.9910883899453715,-0.35267651081085205
Retail,Full,XGBoost,2023-03-01,-1.290340483590846,0.312371164560318
Retail,Full,XGBoost,2023-04-01,1.487384882320697,0.404582142829895
Retail,Full,XGBoost,2023-05-01,-1.0885807645251155,0.007355709094554186
Retail,Full,XGBoost,2023-06-01,0.6941029354234907,-0.11741040647029877
Retail,Full,XGBoost,2023-07-01,-1.2929071198857223,0.17342717945575714
Retail,Full,XGBoost,2023-08-01,0.0,0.39648398756980896
Retail,Full,XGBoost,2023-09-01,-1.3098424045918655,0.3654307723045349
Retail,Full,XGBoost,2023-10-01,0.8080852053939047,0.15300096571445465
Retail,Full,XGBoost,2023-11-01,1.4977813697035103,0.17711730301380157
Retail,Full,XGBoost,2023-12-01,-4.045040846284298,0.1052745059132576
Retail,Full,XGBoost,2024-01-01,2.948866442069775,-0.4542298913002014
Retail,Full,XGBoost,2024-02-01,0.49975116504716866,1.2793893814086914
Retail,Full,XGBoost,2024-03-01,-0.9013581305361562,0.3142794966697693
Retail,Full,XGBoost,2024-04-01,-1.011130960432105,0.2192835807800293
Retail,Full,XGBoost,2024-05-01,2.6079712783052322,0.21987220644950867
Retail,Full,XGBoost,2024-06-01,-1.8991075505317312,0.08500746637582779
Retail,Full,XGBoost,2024-07-01,1.1038747314821684,0.1512039452791214
Retail,Full,XGBoost,2024-08-01,0.39840690148746916,0.3986954689025879
Retail,Full,XGBoost,2024-09-01,0.09935420588780275,0.2800399661064148
Retail,Full,XGBoost,2024-10-01,-0.9980122756724441,-0.28847429156303406
Retail,Full,XGBoost,2024-11-01,0.2004008686715686,0.2331559807062149
Retail,Full,XGBoost,2024-12-01,0.20000006666665016,0.23226988315582275
Retail,Full,XGBoost,2025-01-01,-1.4084739881738528,0.1914336383342743
Retail,Full,XGBoost,2025-02-01,2.303557040182369,0.20216669142246246
Retail,Full,XGBoost,2025-03-01,1.1811160928344222,0.06141837686300278
Retail,Full,XGBoost,2025-04-01,-0.19588644853332227,0.09764041751623154
